frame,tipo_objeto,confianza,track_id,x1,y1,x2,y2,plate,plate_conf,mx1,my1,mx2,my2
1,bus,0.9357240796089172,1,1402,52,1918,476,No,,,,,
1,car,0.8438279032707214,2,1321,312,1398,371,No,,,,,
1,car,0.4911525249481201,3,1231,313,1279,343,No,,,,,
1,car,0.3493152856826782,4,1281,318,1320,343,No,,,,,
1,car,0.29699820280075073,5,1274,315,1312,343,No,,,,,
2,bus,0.9328942894935608,1,1402,56,1918,471,'32,0.5798004269599915,482,354,516,370
2,car,0.8148323893547058,2,1321,312,1397,371,No,,,,,
2,car,0.47794675827026367,3,1231,313,1279,342,No,,,,,
2,car,0.32680580019950867,4,1281,318,1320,343,No,,,,,
2,car,0.2858527600765228,5,1273,315,1309,343,No,,,,,
3,bus,0.9363406896591187,1,1395,63,1918,467,None,0.4293140769004822,476,348,523,358
3,car,0.8184861540794373,2,1320,312,1395,371,No,,,,,
3,car,0.44405239820480347,3,1230,313,1278,342,No,,,,,
3,car,0.3158470392227173,4,1281,318,1320,343,No,,,,,
3,car,0.2732526957988739,5,1273,315,1311,342,No,,,,,
4,bus,0.899508535861969,1,1389,67,1918,466,32,0.4562353491783142,463,340,528,357
4,car,0.8380138874053955,2,1318,312,1395,371,No,,,,,
4,car,0.48595085740089417,3,1230,314,1278,342,No,,,,,
4,car,0.28771543502807617,4,1281,317,1319,343,No,,,,,
4,car,0.27643465995788574,5,1273,315,1311,343,No,,,,,
5,bus,0.9297316670417786,1,1390,72,1918,464,325,0.29292023181915283,447,335,512,349
5,car,0.8167463541030884,2,1316,312,1394,371,No,,,,,
5,car,0.45237410068511963,3,1232,314,1279,343,No,,,,,
5,car,0.2706019878387451,4,1282,317,1319,343,No,,,,,
5,car,0.2477390617132187,5,1274,315,1308,343,No,,,,,
6,bus,0.9345744252204895,1,1392,76,1918,462,No,,,,,
6,car,0.8074600696563721,2,1316,312,1392,370,No,,,,,
6,car,0.4080609381198883,3,1232,313,1278,342,No,,,,,
6,car,0.24578584730625153,4,1283,317,1319,343,No,,,,,
6,car,0.23066599667072296,5,1274,315,1306,343,No,,,,,
7,bus,0.9344170689582825,1,1391,79,1918,461,325,0.2728956639766693,418,325,479,339
7,car,0.7958812713623047,2,1316,312,1390,370,No,,,,,
7,car,0.45234736800193787,3,1232,314,1277,343,No,,,,,
7,car,0.24807369709014893,4,1284,317,1320,343,No,,,,,
7,car,0.24070729315280914,5,1273,315,1305,343,No,,,,,
8,bus,0.9351821541786194,1,1388,84,1918,458,'22,0.7534381151199341,405,319,466,332
8,car,0.7872523069381714,2,1314,312,1389,369,No,,,,,
8,car,0.4359671473503113,3,1230,314,1275,343,No,,,,,
8,car,0.24059802293777466,4,1284,317,1319,343,No,,,,,
8,car,0.23361432552337646,5,1272,315,1308,343,No,,,,,
9,bus,0.9371792674064636,1,1386,88,1918,457,'32,0.5426121354103088,395,312,454,325
9,car,0.7815159559249878,2,1313,312,1387,368,No,,,,,
9,car,0.424361914396286,3,1229,315,1274,343,No,,,,,
9,car,0.23193006217479706,4,1284,318,1319,343,No,,,,,
9,car,0.2278597205877304,5,1272,316,1310,343,No,,,,,
10,bus,0.94050532579422,1,1383,92,1918,457,None,0.4757808446884155,386,307,442,319
10,car,0.8050705194473267,2,1311,312,1386,368,No,,,,,
10,car,0.4193550944328308,3,1229,315,1272,343,No,,,,,
10,car,0.25838884711265564,4,1285,318,1319,345,No,,,,,
10,car,0.22232462465763092,5,1272,316,1312,343,No,,,,,
11,bus,0.9372484683990479,1,1382,96,1918,456,3,0.38530904054641724,376,302,432,316
11,car,0.8014794588088989,2,1310,312,1385,367,No,,,,,
11,car,0.40366417169570923,3,1228,315,1270,343,No,,,,,
11,car,0.2605750262737274,4,1289,318,1319,346,No,,,,,
11,car,0.21103262901306152,5,1271,316,1312,343,No,,,,,
12,bus,0.9273743033409119,1,1382,97,1918,455,326,0.3351497948169708,365,301,420,314
12,car,0.7826129794120789,2,1309,312,1384,368,No,,,,,
12,car,0.4092804789543152,3,1228,315,1269,343,No,,,,,
12,car,0.27375030517578125,4,1293,318,1319,347,No,,,,,
12,car,0.21360072493553162,5,1269,316,1311,343,No,,,,,
13,bus,0.9316000938415527,1,1382,101,1915,453,None,0.6103160977363586,353,294,408,307
13,car,0.7879987955093384,2,1309,312,1382,368,No,,,,,
13,car,0.32233262062072754,3,1228,315,1264,342,No,,,,,
13,car,0.25011882185935974,4,1295,318,1320,348,No,,,,,
13,car,0.20177006721496582,5,1267,315,1310,343,No,,,,,
14,bus,0.9279440641403198,1,1381,104,1903,451,None,0.48313260078430176,344,291,395,302
14,car,0.7940633893013,2,1309,312,1380,368,No,,,,,
14,car,0.27800503373146057,3,1227,315,1262,341,No,,,,,
14,car,0.26221776008605957,4,1294,317,1320,348,No,,,,,
14,car,0.1910967081785202,5,1266,315,1312,343,No,,,,,
15,bus,0.9187955260276794,1,1380,107,1889,451,32,0.38420411944389343,333,287,386,299
15,car,0.7781745195388794,2,1309,312,1378,368,No,,,,,
15,car,0.3009038269519806,3,1227,315,1262,341,No,,,,,
15,car,0.22701501846313477,4,1295,317,1320,346,No,,,,,
15,car,0.1586022526025772,5,1267,314,1312,343,No,,,,,
16,bus,0.9248065948486328,1,1378,111,1872,450,3.2,0.5040561556816101,326,282,378,294
16,car,0.7746443152427673,2,1308,312,1375,367,No,,,,,
16,car,0.3065534234046936,3,1227,315,1262,341,No,,,,,
16,car,0.2566694915294647,4,1294,317,1320,346,No,,,,,
16,car,0.1571066677570343,5,1268,313,1314,343,No,,,,,
17,bus,0.9198166131973267,1,1376,114,1866,449,326,0.3247934579849243,317,278,370,289
17,car,0.7818203568458557,2,1308,313,1374,367,No,,,,,
17,car,0.31713682413101196,3,1226,315,1262,341,No,,,,,
17,car,0.17679579555988312,5,1269,313,1314,343,No,,,,,
18,bus,0.909057080745697,1,1376,117,1858,450,None,0.3509924113750458,308,274,359,285
18,car,0.7767423987388611,2,1308,313,1373,366,No,,,,,
18,car,0.27192825078964233,3,1226,315,1262,341,No,,,,,
18,car,0.16271483898162842,5,1269,313,1314,343,No,,,,,
19,bus,0.9154194593429565,1,1375,121,1840,448,326,0.5459470152854919,300,268,351,280
19,car,0.7697033882141113,2,1308,313,1372,367,No,,,,,
19,car,0.27577856183052063,3,1227,316,1261,341,No,,,,,
19,car,0.14406569302082062,5,1269,312,1313,343,No,,,,,
20,bus,0.9250550270080566,1,1374,125,1826,446,322,0.6913854479789734,292,263,342,276
20,car,0.7844310402870178,2,1308,314,1370,367,No,,,,,
20,car,0.31208962202072144,3,1227,316,1261,341,No,,,,,
20,car,0.1572127789258957,5,1270,313,1311,343,No,,,,,
21,bus,0.9190276861190796,1,1372,127,1816,444,302,0.7740591168403625,286,260,336,272
21,car,0.7531192898750305,2,1308,313,1369,368,No,,,,,
21,car,0.34049567580223083,3,1227,317,1261,341,No,,,,,
21,car,0.1729499250650406,5,1270,314,1312,344,No,,,,,
22,bus,0.9185993671417236,1,1371,132,1809,442,30,0.7189171314239502,279,255,327,266
22,car,0.7301621437072754,2,1308,313,1368,368,No,,,,,
22,car,0.364658921957016,3,1226,317,1261,341,No,,,,,
22,car,0.18339315056800842,5,1269,314,1311,344,No,,,,,
23,bus,0.9145776629447937,1,1369,135,1808,442,326,0.6271846890449524,274,252,320,262
23,car,0.7409192323684692,2,1308,313,1366,367,No,,,,,
23,car,0.3899591565132141,3,1225,316,1261,341,No,,,,,
23,car,0.1884848177433014,5,1269,314,1308,343,No,,,,,
24,bus,0.9053707122802734,1,1369,140,1804,441,32,0.43897753953933716,264,246,312,256
24,car,0.7163622379302979,2,1308,313,1366,366,No,,,,,
24,car,0.4075677990913391,3,1225,318,1261,341,No,,,,,
24,car,0.1927821785211563,5,1269,314,1303,343,No,,,,,
25,bus,0.8877766728401184,1,1368,142,1787,441,None,0.31046077609062195,261,244,291,253
25,car,0.7035932540893555,2,1308,312,1366,366,No,,,,,
25,car,0.4641158878803253,3,1225,318,1261,342,No,,,,,
25,car,0.16267380118370056,5,1269,313,1307,343,No,,,,,
26,bus,0.9046698212623596,1,1367,143,1771,441,0.2,0.7330668568611145,253,241,298,252
26,car,0.7072635293006897,2,1308,312,1365,366,No,,,,,
26,car,0.44303980469703674,3,1225,318,1261,342,No,,,,,
26,car,0.17943041026592255,5,1268,312,1309,343,No,,,,,
27,bus,0.8976153135299683,1,1366,145,1760,440,J26-,0.7987846732139587,246,238,292,249
27,car,0.6870059370994568,2,1308,311,1365,365,No,,,,,
27,car,0.45091307163238525,3,1224,318,1261,342,No,,,,,
27,car,0.1905261129140854,5,1268,312,1308,343,No,,,,,
28,bus,0.8993329405784607,1,1364,148,1745,437,None,0.5043624639511108,244,236,283,243
28,car,0.6731327176094055,2,1308,310,1364,366,No,,,,,
28,car,0.43242311477661133,3,1224,318,1261,342,No,,,,,
28,car,0.1723739206790924,5,1266,312,1307,343,No,,,,,
29,bus,0.9024990797042847,1,1363,150,1736,436,None,0.4463540315628052,239,232,279,240
29,car,0.6495718955993652,2,1307,309,1364,365,No,,,,,
29,car,0.4277251064777374,3,1224,317,1261,342,No,,,,,
29,car,0.14760196208953857,5,1266,311,1307,343,No,,,,,
30,bus,0.8954609036445618,1,1363,152,1731,437,None,0.4811379909515381,231,229,272,237
30,car,0.6271340847015381,2,1307,308,1362,365,No,,,,,
30,car,0.40144971013069153,3,1224,317,1261,342,No,,,,,
30,car,0.15785765647888184,5,1264,311,1305,343,No,,,,,
31,bus,0.90328049659729,1,1361,153,1727,433,None,0.6048653721809387,228,227,270,236
31,car,0.6198740601539612,2,1306,307,1359,364,No,,,,,
31,car,0.35567107796669006,3,1225,317,1260,342,No,,,,,
31,car,0.13799408078193665,5,1263,310,1304,343,No,,,,,
32,bus,0.8906958103179932,1,1360,155,1726,430,None,0.44347697496414185,223,224,256,232
32,car,0.6379942893981934,2,1305,308,1357,363,No,,,,,
32,car,0.29229652881622314,3,1226,318,1260,341,No,,,,,
32,car,0.13776090741157532,5,1262,310,1303,343,No,,,,,
33,bus,0.919735312461853,1,1360,158,1712,426,None,0.25347644090652466,218,219,258,228
33,car,0.6427294611930847,2,1304,308,1356,363,No,,,,,
33,car,0.26019904017448425,3,1226,317,1260,341,No,,,,,
33,car,0.12024104595184326,5,1262,310,1302,343,No,,,,,
34,bus,0.9260734915733337,1,1358,160,1701,426,None,0.5575956106185913,214,216,255,226
34,car,0.6257086396217346,2,1303,308,1355,363,No,,,,,
34,car,0.28247734904289246,3,1227,317,1260,341,No,,,,,
34,car,0.12820929288864136,5,1262,310,1299,343,No,,,,,
35,bus,0.9206385612487793,1,1355,161,1694,429,No,,,,,
35,car,0.6164957880973816,2,1302,308,1354,363,No,,,,,
35,car,0.23782651126384735,3,1227,318,1258,342,No,,,,,
35,car,0.12457063049077988,5,1262,310,1295,343,No,,,,,
36,bus,0.9115352034568787,1,1355,163,1691,429,None,0.3280680179595947,206,213,236,220
36,car,0.5972055196762085,2,1302,309,1352,362,No,,,,,
36,car,0.33226722478866577,3,1226,318,1258,342,No,,,,,
36,car,0.13838227093219757,5,1260,310,1294,343,No,,,,,
37,bus,0.9200775027275085,1,1355,166,1681,427,No,,,,,
37,car,0.6001163125038147,2,1302,310,1351,362,No,,,,,
37,car,0.24597501754760742,3,1226,319,1257,342,No,,,,,
37,car,0.13009901344776154,5,1259,311,1293,343,No,,,,,
38,bus,0.9190196990966797,1,1354,166,1674,425,No,,,,,
38,car,0.5401870608329773,2,1302,311,1350,362,No,,,,,
38,car,0.11363356560468674,3,1227,317,1257,343,No,,,,,
38,car,0.11737094074487686,5,1259,311,1294,343,No,,,,,
39,bus,0.9081518650054932,1,1352,168,1668,424,No,,,,,
39,car,0.4852185547351837,2,1302,313,1348,362,No,,,,,
39,car,0.10912709683179855,5,1259,311,1294,343,No,,,,,
40,bus,0.9028938412666321,1,1351,167,1661,422,No,,,,,
40,car,0.47551754117012024,2,1302,314,1347,361,No,,,,,
40,car,0.10651511698961258,5,1259,311,1293,342,No,,,,,
41,bus,0.9093589186668396,1,1349,169,1655,421,No,,,,,
41,car,0.4481625556945801,2,1302,314,1347,362,No,,,,,
42,bus,0.9246644973754883,1,1349,172,1649,417,No,,,,,
42,car,0.5108045935630798,2,1303,315,1345,360,No,,,,,
43,bus,0.931888222694397,1,1346,175,1644,416,No,,,,,
43,car,0.461527019739151,2,1302,316,1344,360,No,,,,,
44,bus,0.9286054968833923,1,1344,176,1637,415,No,,,,,
44,car,0.5337620377540588,2,1302,316,1342,361,No,,,,,
45,bus,0.9289512634277344,1,1343,178,1635,414,No,,,,,
45,car,0.4197113513946533,2,1300,316,1341,361,No,,,,,
46,bus,0.9199947714805603,1,1342,179,1630,412,No,,,,,
46,car,0.3780040442943573,2,1300,315,1340,361,No,,,,,
47,bus,0.9226674437522888,1,1341,181,1626,412,No,,,,,
47,car,0.37516507506370544,2,1300,313,1340,359,No,,,,,
48,bus,0.9172414541244507,1,1341,182,1623,413,No,,,,,
48,car,0.3110899329185486,2,1300,313,1339,358,No,,,,,
49,bus,0.9206550121307373,1,1340,184,1615,413,No,,,,,
49,car,0.2817293405532837,2,1298,314,1338,357,No,,,,,
50,bus,0.9157042503356934,1,1340,185,1612,412,No,,,,,
50,car,0.27458325028419495,2,1297,315,1338,357,No,,,,,
51,bus,0.9254071712493896,1,1340,188,1603,411,No,,,,,
51,car,0.2953132688999176,2,1296,316,1338,359,No,,,,,
52,bus,0.9387627243995667,1,1337,188,1598,411,No,,,,,
52,car,0.28549739718437195,2,1295,318,1337,359,No,,,,,
53,bus,0.9230119585990906,1,1336,189,1595,411,No,,,,,
53,car,0.27763494849205017,2,1294,319,1337,361,No,,,,,
54,bus,0.9220375418663025,1,1335,190,1591,411,No,,,,,
54,car,0.22021764516830444,2,1293,318,1337,362,No,,,,,
55,bus,0.919137716293335,1,1334,191,1591,409,No,,,,,
55,car,0.19374927878379822,2,1293,314,1336,363,No,,,,,
56,bus,0.9008741974830627,1,1334,191,1584,409,No,,,,,
56,car,0.19327373802661896,2,1293,313,1336,361,No,,,,,
57,bus,0.9047497510910034,1,1334,192,1579,408,No,,,,,
57,car,0.16544216871261597,2,1293,312,1336,359,No,,,,,
58,bus,0.9099917411804199,1,1334,192,1575,407,No,,,,,
58,car,0.1730039417743683,2,1292,312,1333,356,No,,,,,
59,bus,0.9141162633895874,1,1333,193,1570,406,No,,,,,
59,car,0.19244374334812164,2,1292,313,1331,355,No,,,,,
60,bus,0.9049919247627258,1,1332,195,1567,404,No,,,,,
60,car,0.2273455262184143,2,1290,314,1330,356,No,,,,,
61,bus,0.8941501379013062,1,1333,195,1563,404,No,,,,,
61,car,0.22991779446601868,2,1290,315,1329,356,No,,,,,
62,bus,0.9089821577072144,1,1333,196,1561,404,No,,,,,
62,car,0.2965969443321228,2,1289,318,1328,357,No,,,,,
63,bus,0.9010423421859741,1,1333,198,1555,405,No,,,,,
63,car,0.3808419108390808,2,1289,321,1329,358,No,,,,,
64,bus,0.8805816769599915,1,1330,198,1551,405,No,,,,,
64,car,0.40723809599876404,2,1289,321,1328,358,No,,,,,
65,bus,0.8668619990348816,1,1328,198,1548,403,No,,,,,
65,car,0.4346977770328522,2,1288,319,1327,358,No,,,,,
66,bus,0.8437817096710205,1,1327,199,1543,401,No,,,,,
66,car,0.4385635256767273,2,1288,319,1326,359,No,,,,,
67,bus,0.8056723475456238,1,1326,200,1539,400,No,,,,,
67,car,0.48017823696136475,2,1287,319,1326,360,No,,,,,
68,bus,0.7634546756744385,1,1325,201,1536,397,No,,,,,
68,car,0.4552021920681,2,1287,319,1325,359,No,,,,,
69,bus,0.7675215601921082,1,1324,202,1533,396,No,,,,,
69,car,0.4666213095188141,2,1287,320,1325,359,No,,,,,
70,bus,0.7433136105537415,1,1323,204,1530,395,No,,,,,
70,car,0.5087178349494934,2,1286,320,1326,360,No,,,,,
71,bus,0.757664144039154,1,1324,205,1527,397,No,,,,,
71,car,0.44119423627853394,2,1286,319,1326,358,No,,,,,
72,bus,0.7598265409469604,1,1322,205,1524,396,No,,,,,
72,car,0.5177868604660034,2,1286,319,1324,358,No,,,,,
73,bus,0.7683765888214111,1,1320,208,1523,394,No,,,,,
73,car,0.6030756235122681,2,1286,319,1323,358,No,,,,,
74,bus,0.7849101424217224,1,1320,209,1520,393,No,,,,,
74,car,0.5911930203437805,2,1286,320,1323,357,',0.26471054553985596,32,0,36,11
75,bus,0.7735459804534912,1,1320,210,1516,392,No,,,,,
75,car,0.5855416655540466,2,1285,321,1322,356,No,,,,,
76,bus,0.782062292098999,1,1319,210,1513,392,No,,,,,
76,car,0.5252946019172668,2,1285,321,1321,355,No,,,,,
77,bus,0.7469209432601929,1,1319,211,1510,391,No,,,,,
77,car,0.5082004070281982,2,1285,317,1320,356,No,,,,,
78,bus,0.6812337040901184,1,1318,212,1507,391,No,,,,,
78,car,0.5484392046928406,2,1285,316,1318,356,No,,,,,
79,bus,0.6838272213935852,1,1318,212,1505,390,No,,,,,
79,car,0.5070462226867676,2,1285,313,1318,356,No,,,,,
80,bus,0.6093543767929077,1,1317,213,1503,390,No,,,,,
80,car,0.4326813220977783,2,1284,311,1318,355,No,,,,,
81,bus,0.768933892250061,1,1316,214,1500,390,No,,,,,
81,car,0.39897048473358154,2,1284,311,1318,356,No,,,,,
82,bus,0.7907284498214722,1,1316,215,1499,389,No,,,,,
82,car,0.37319695949554443,2,1284,312,1317,356,No,,,,,
83,bus,0.7761899828910828,1,1316,215,1497,390,No,,,,,
83,car,0.3627392649650574,2,1284,313,1316,356,No,,,,,
84,bus,0.7750660181045532,1,1314,215,1495,389,No,,,,,
84,car,0.3798172175884247,2,1283,313,1315,355,No,,,,,
85,bus,0.7371515035629272,1,1314,215,1491,388,No,,,,,
85,car,0.30642592906951904,2,1284,310,1315,354,No,,,,,
86,bus,0.7066482901573181,1,1314,216,1489,388,No,,,,,
86,car,0.336018443107605,2,1284,308,1315,354,No,,,,,
87,bus,0.6601409316062927,1,1316,216,1486,387,No,,,,,
87,car,0.24608434736728668,2,1284,308,1314,354,No,,,,,
88,bus,0.5098420977592468,1,1316,216,1485,386,No,,,,,
88,car,0.2329627126455307,2,1283,308,1314,353,No,,,,,
89,bus,0.5740452408790588,1,1315,216,1482,387,No,,,,,
89,car,0.313909649848938,2,1284,308,1314,352,No,,,,,
89,car,0.3663361966609955,41,1463,318,1515,379,No,,,,,
90,bus,0.6163018941879272,1,1314,217,1480,385,No,,,,,
90,car,0.34315726161003113,2,1283,306,1314,351,No,,,,,
90,car,0.2950595021247864,41,1463,319,1516,380,No,,,,,
91,car,0.3032687306404114,2,1282,307,1313,352,No,,,,,
91,car,0.45388704538345337,41,1458,318,1516,381,No,,,,,
92,car,0.2927885949611664,2,1280,310,1313,354,No,,,,,
92,car,0.4456482529640198,41,1459,317,1515,379,No,,,,,
92,bus,0.46816539764404297,1,1313,219,1477,383,No,,,,,
93,car,0.2753085196018219,2,1280,311,1312,354,No,,,,,
93,car,0.558380126953125,41,1456,319,1515,379,No,,,,,
93,bus,0.6853323578834534,1,1314,220,1475,382,No,,,,,
94,car,0.23996244370937347,2,1280,311,1312,353,No,,,,,
94,car,0.5226935148239136,41,1454,319,1514,379,No,,,,,
94,bus,0.5189045071601868,1,1312,220,1472,382,No,,,,,
95,car,0.2928891181945801,2,1278,308,1312,352,No,,,,,
95,car,0.5858452320098877,41,1453,319,1514,379,No,,,,,
95,bus,0.3295876681804657,1,1311,222,1470,381,No,,,,,
95,person,0.6100871562957764,42,0,249,41,478,No,,,,,
95,person,0.46700379252433777,44,0,248,27,482,No,,,,,
96,car,0.2565075755119324,2,1277,306,1312,352,No,,,,,
96,car,0.614973783493042,41,1451,319,1513,379,No,,,,,
96,bus,0.5207072496414185,1,1312,223,1467,381,No,,,,,
96,person,0.7594134211540222,42,0,237,53,486,No,,,,,
96,person,0.20469807088375092,44,0,239,35,494,No,,,,,
97,car,0.10475993156433105,2,1277,302,1311,351,No,,,,,
97,car,0.7251201272010803,41,1449,319,1513,381,No,,,,,
97,bus,0.7012573480606079,1,1311,223,1464,381,No,,,,,
97,person,0.7923621535301208,42,0,234,60,488,No,,,,,
98,car,0.1224329024553299,2,1276,300,1311,350,No,,,,,
98,car,0.7103734612464905,41,1449,320,1514,381,No,,,,,
98,bus,0.7532911896705627,1,1310,224,1463,380,No,,,,,
98,person,0.8343817591667175,42,0,231,68,490,No,,,,,
99,car,0.11651580035686493,2,1276,300,1311,348,No,,,,,
99,car,0.7208024263381958,41,1446,320,1514,381,No,,,,,
99,bus,0.7263232469558716,1,1310,226,1462,380,No,,,,,
99,person,0.824665904045105,42,0,232,73,491,No,,,,,
100,car,0.12844301760196686,2,1277,299,1311,347,No,,,,,
100,car,0.7121763229370117,41,1443,320,1514,381,No,,,,,
100,bus,0.7834307551383972,1,1309,226,1460,380,No,,,,,
100,person,0.8246329426765442,42,0,235,77,492,No,,,,,
101,car,0.6714938879013062,41,1438,320,1515,381,No,,,,,
101,bus,0.8084102272987366,1,1308,226,1459,378,No,,,,,
101,person,0.8338770270347595,42,0,234,78,494,No,,,,,
102,car,0.698243260383606,41,1436,320,1516,381,No,,,,,
102,bus,0.7003952860832214,1,1308,227,1458,379,No,,,,,
102,person,0.8624065518379211,42,0,233,79,497,No,,,,,
103,car,0.6960075497627258,41,1435,320,1517,382,No,,,,,
103,bus,0.7826488614082336,1,1308,228,1457,378,No,,,,,
103,person,0.8514044284820557,42,0,231,83,495,No,,,,,
104,car,0.7170886993408203,41,1435,320,1518,382,No,,,,,
104,bus,0.7633957862854004,1,1309,229,1456,379,No,,,,,
104,person,0.8814416527748108,42,0,230,89,495,No,,,,,
105,car,0.7265406847000122,41,1435,320,1518,382,No,,,,,
105,bus,0.6207760572433472,1,1309,229,1456,379,No,,,,,
105,person,0.8319211602210999,42,2,232,96,492,No,,,,,
106,car,0.7277793884277344,41,1435,320,1519,382,No,,,,,
106,bus,0.7718080282211304,1,1308,229,1453,379,No,,,,,
106,person,0.8574294447898865,42,9,230,105,492,No,,,,,
107,car,0.7362744808197021,41,1434,320,1519,382,No,,,,,
107,bus,0.7504274249076843,1,1308,230,1450,379,No,,,,,
107,person,0.8772217035293579,42,19,228,114,492,No,,,,,
108,car,0.7311462759971619,41,1433,320,1519,382,No,,,,,
108,bus,0.657978355884552,1,1308,232,1446,378,No,,,,,
108,person,0.875311553478241,42,26,228,131,492,No,,,,,
108,car,0.40688222646713257,48,1263,312,1298,347,No,,,,,
109,car,0.7310876846313477,41,1433,320,1519,381,No,,,,,
109,bus,0.6536571383476257,1,1307,232,1445,378,No,,,,,
109,person,0.8498765826225281,42,30,229,147,491,No,,,,,
109,car,0.4273430407047272,48,1262,313,1299,348,No,,,,,
110,car,0.7440908551216125,41,1431,320,1518,381,No,,,,,
110,bus,0.7609423995018005,1,1304,232,1445,378,No,,,,,
110,person,0.864086925983429,42,34,230,157,490,No,,,,,
110,car,0.4601266086101532,48,1262,312,1298,348,No,,,,,
111,car,0.7567513585090637,41,1431,321,1518,381,No,,,,,
111,bus,0.7546947002410889,1,1303,233,1443,377,No,,,,,
111,person,0.86912602186203,42,38,232,164,488,No,,,,,
111,car,0.5329172611236572,48,1263,312,1298,347,No,,,,,
112,car,0.7583622336387634,41,1430,321,1518,381,No,,,,,
112,bus,0.6953117251396179,1,1301,233,1440,377,No,,,,,
112,person,0.8632663488388062,42,40,234,165,487,No,,,,,
112,car,0.5092557668685913,48,1263,312,1298,348,No,,,,,
113,car,0.768198549747467,41,1428,321,1517,381,No,,,,,
113,bus,0.5986770391464233,1,1298,233,1437,377,No,,,,,
113,person,0.8516789078712463,42,40,239,169,487,No,,,,,
113,car,0.506409764289856,48,1263,312,1297,348,No,,,,,
114,car,0.7780104279518127,41,1428,321,1517,382,No,,,,,
114,bus,0.507175862789154,1,1297,234,1435,377,No,,,,,
114,person,0.8457330465316772,42,45,241,170,488,No,,,,,
114,car,0.5138599872589111,48,1262,312,1296,348,No,,,,,
115,car,0.7961881160736084,41,1425,320,1517,382,No,,,,,
115,bus,0.28302547335624695,1,1294,235,1434,377,No,,,,,
115,person,0.8342965245246887,42,51,240,170,490,No,,,,,
115,car,0.4658898115158081,48,1262,312,1294,347,No,,,,,
116,car,0.7884120345115662,41,1424,321,1517,382,No,,,,,
116,bus,0.4470137357711792,1,1294,235,1431,376,No,,,,,
116,person,0.8403891921043396,42,60,240,171,488,No,,,,,
116,car,0.43513116240501404,48,1262,311,1294,347,No,,,,,
117,car,0.7874798774719238,41,1421,321,1517,382,No,,,,,
117,bus,0.3831561207771301,1,1294,235,1430,374,No,,,,,
117,person,0.8089146018028259,42,74,239,172,485,No,,,,,
117,car,0.357409805059433,48,1262,312,1293,348,No,,,,,
118,car,0.797293484210968,41,1420,320,1517,382,No,,,,,
118,bus,0.5590149760246277,1,1292,236,1429,375,No,,,,,
118,person,0.7905351519584656,42,87,238,173,482,No,,,,,
118,car,0.34744760394096375,48,1260,312,1292,346,No,,,,,
119,car,0.7998881936073303,41,1420,320,1516,382,No,,,,,
119,bus,0.608150064945221,1,1291,236,1428,374,No,,,,,
119,person,0.7522338628768921,42,95,238,174,481,No,,,,,
119,car,0.41158726811408997,48,1259,312,1291,346,No,,,,,
120,car,0.7972286343574524,41,1418,321,1516,382,No,,,,,
120,bus,0.6470867991447449,1,1291,237,1428,374,No,,,,,
120,person,0.7274247407913208,42,101,240,180,479,No,,,,,
120,car,0.43134087324142456,48,1259,313,1291,347,No,,,,,
121,car,0.7643476724624634,41,1419,321,1516,382,No,,,,,
121,bus,0.6806995868682861,1,1290,237,1427,374,No,,,,,
121,person,0.7708356380462646,42,107,239,184,479,No,,,,,
121,car,0.38913774490356445,48,1257,314,1291,348,No,,,,,
122,car,0.7453323006629944,41,1417,321,1517,382,No,,,,,
122,bus,0.6811726093292236,1,1290,238,1427,373,No,,,,,
122,person,0.7686066627502441,42,111,241,191,480,No,,,,,
122,car,0.29998043179512024,48,1257,314,1291,347,No,,,,,
123,car,0.7385427355766296,41,1418,321,1517,382,No,,,,,
123,bus,0.661508321762085,1,1289,238,1427,373,No,,,,,
123,person,0.8113101720809937,42,113,242,200,479,No,,,,,
123,car,0.36896660923957825,48,1255,313,1290,346,No,,,,,
124,car,0.7409294843673706,41,1420,321,1517,382,No,,,,,
124,bus,0.6599054932594299,1,1289,239,1425,373,No,,,,,
124,person,0.8044556975364685,42,115,245,207,478,No,,,,,
124,car,0.40357720851898193,48,1248,314,1289,346,No,,,,,
125,car,0.7501511573791504,41,1421,321,1517,382,No,,,,,
125,bus,0.6537697911262512,1,1288,239,1423,373,No,,,,,
125,person,0.7918279767036438,42,116,248,213,477,No,,,,,
125,car,0.5274558067321777,48,1244,315,1289,346,No,,,,,
126,car,0.7455353736877441,41,1422,322,1517,381,No,,,,,
126,bus,0.6608347296714783,1,1289,239,1421,373,No,,,,,
126,person,0.7937525510787964,42,121,247,217,475,No,,,,,
126,car,0.4834342896938324,48,1242,315,1289,347,No,,,,,
126,car,0.3675646483898163,52,1405,321,1500,377,No,,,,,
127,car,0.7442367076873779,41,1421,322,1516,381,No,,,,,
127,bus,0.6588969230651855,1,1289,239,1419,372,No,,,,,
127,person,0.809252917766571,42,125,242,221,475,No,,,,,
127,car,0.4480453431606293,48,1241,315,1289,347,No,,,,,
127,car,0.39998626708984375,52,1406,321,1490,377,No,,,,,
128,car,0.7416486144065857,41,1422,322,1516,382,No,,,,,
128,bus,0.7158393263816833,1,1289,239,1419,371,No,,,,,
128,person,0.8074819445610046,42,130,238,223,475,No,,,,,
128,car,0.4516458511352539,48,1240,315,1288,347,No,,,,,
128,car,0.4056200087070465,52,1407,321,1475,376,No,,,,,
129,car,0.7359580993652344,41,1427,321,1516,381,No,,,,,
129,bus,0.7480481266975403,1,1288,241,1416,371,No,,,,,
129,person,0.779602587223053,42,141,244,226,474,No,,,,,
129,car,0.452668696641922,48,1241,315,1288,346,No,,,,,
129,car,0.4507555067539215,52,1405,321,1463,376,No,,,,,
130,car,0.7176505923271179,41,1431,321,1516,381,No,,,,,
130,bus,0.7084496021270752,1,1288,241,1416,370,No,,,,,
130,person,0.7545525431632996,42,148,245,229,472,No,,,,,
130,car,0.3881438970565796,48,1242,315,1287,346,No,,,,,
130,car,0.4827803671360016,52,1402,321,1456,375,No,,,,,
131,car,0.7149758338928223,41,1432,321,1516,381,No,,,,,
131,bus,0.6997351050376892,1,1287,242,1415,369,No,,,,,
131,person,0.7915561199188232,42,156,244,233,471,No,,,,,
131,car,0.39882731437683105,48,1243,315,1286,345,No,,,,,
131,car,0.49452513456344604,52,1402,321,1456,376,No,,,,,
132,car,0.7161306142807007,41,1430,321,1515,381,No,,,,,
132,bus,0.7102203965187073,1,1287,241,1413,369,No,,,,,
132,person,0.8288872838020325,42,161,247,239,470,No,,,,,
132,car,0.4184316098690033,48,1243,314,1286,345,No,,,,,
132,car,0.4745367467403412,52,1402,322,1457,375,No,,,,,
133,car,0.7235170602798462,41,1424,321,1515,381,No,,,,,
133,bus,0.7070658206939697,1,1287,242,1411,368,No,,,,,
133,person,0.8315320014953613,42,167,246,245,470,No,,,,,
133,car,0.44699469208717346,48,1243,315,1285,345,No,,,,,
133,car,0.4571613371372223,52,1403,322,1456,375,No,,,,,
134,car,0.712648332118988,41,1424,321,1515,381,No,,,,,
134,bus,0.5768753290176392,1,1287,244,1410,367,No,,,,,
134,person,0.8533379435539246,42,171,241,251,469,No,,,,,
134,car,0.42496350407600403,48,1241,315,1284,345,No,,,,,
134,car,0.43161922693252563,52,1400,323,1457,374,No,,,,,
135,car,0.7186248898506165,41,1424,321,1514,382,No,,,,,
135,bus,0.5049677491188049,1,1286,245,1410,367,No,,,,,
135,person,0.8512929081916809,42,178,240,259,467,No,,,,,
135,car,0.4332984685897827,48,1241,315,1285,345,No,,,,,
135,car,0.41562387347221375,52,1399,323,1457,374,No,,,,,
136,car,0.7095378637313843,41,1424,321,1513,382,No,,,,,
136,bus,0.6662377119064331,1,1286,246,1408,367,No,,,,,
136,person,0.8251578211784363,42,182,241,273,467,No,,,,,
136,car,0.3992604911327362,48,1240,315,1284,345,No,,,,,
136,car,0.4486331343650818,52,1399,323,1456,374,No,,,,,
137,car,0.7172867655754089,41,1420,320,1513,382,No,,,,,
137,bus,0.7117252945899963,1,1287,247,1408,367,No,,,,,
137,person,0.823477566242218,42,185,246,279,468,No,,,,,
137,car,0.43951380252838135,48,1240,315,1284,345,No,,,,,
137,car,0.43924105167388916,52,1400,323,1459,374,No,,,,,
138,car,0.7069961428642273,41,1420,320,1514,382,No,,,,,
138,bus,0.6303574442863464,1,1286,247,1407,366,No,,,,,
138,person,0.828510046005249,42,188,250,282,468,No,,,,,
138,car,0.44496941566467285,48,1240,315,1284,344,No,,,,,
138,car,0.4461624026298523,52,1398,323,1458,374,No,,,,,
139,car,0.7068390250205994,41,1419,320,1514,382,No,,,,,
139,bus,0.6607406139373779,1,1285,248,1405,367,No,,,,,
139,person,0.848194420337677,42,191,256,284,469,No,,,,,
139,car,0.4312470853328705,48,1240,316,1283,344,No,,,,,
139,car,0.46437257528305054,52,1396,323,1458,373,No,,,,,
140,car,0.6955788135528564,41,1419,321,1514,382,No,,,,,
140,bus,0.6999318599700928,1,1284,249,1404,368,No,,,,,
140,person,0.859657883644104,42,193,257,287,469,No,,,,,
140,car,0.40855833888053894,48,1239,316,1281,344,No,,,,,
140,car,0.46551963686943054,52,1393,323,1458,372,No,,,,,
141,car,0.6921977996826172,41,1419,320,1515,382,No,,,,,
141,bus,0.7011784315109253,1,1283,250,1403,367,No,,,,,
141,person,0.8615142107009888,42,196,262,288,469,No,,,,,
141,car,0.4055738151073456,48,1237,316,1281,344,No,,,,,
141,car,0.4478491246700287,52,1390,323,1457,372,No,,,,,
142,car,0.6910807490348816,41,1420,321,1515,382,No,,,,,
142,bus,0.5284804105758667,1,1282,250,1400,367,No,,,,,
142,person,0.8589619994163513,42,200,257,289,468,No,,,,,
142,car,0.42811453342437744,48,1237,316,1280,344,No,,,,,
142,car,0.4386339783668518,52,1387,323,1458,372,No,,,,,
143,car,0.6838266253471375,41,1422,321,1514,381,No,,,,,
143,bus,0.4920765459537506,1,1280,250,1397,367,No,,,,,
143,person,0.8380602598190308,42,205,255,290,467,No,,,,,
143,car,0.41303569078445435,48,1236,316,1279,344,No,,,,,
143,car,0.4249805510044098,52,1384,323,1462,372,No,,,,,
144,car,0.6891605854034424,41,1423,321,1516,382,No,,,,,
144,bus,0.541092038154602,1,1279,250,1395,366,No,,,,,
144,person,0.8206561803817749,42,212,254,290,465,No,,,,,
144,car,0.39467450976371765,48,1236,316,1278,343,No,,,,,
144,car,0.4195137023925781,52,1383,323,1462,372,No,,,,,
145,car,0.6706814169883728,41,1424,322,1516,382,No,,,,,
145,bus,0.5627484917640686,1,1278,249,1393,365,No,,,,,
145,person,0.8256184458732605,42,221,248,292,464,No,,,,,
145,car,0.26478347182273865,48,1235,316,1277,344,No,,,,,
145,car,0.40423527359962463,52,1382,323,1461,372,No,,,,,
146,car,0.6613752841949463,41,1425,322,1516,382,No,,,,,
146,bus,0.639787495136261,1,1277,249,1394,365,No,,,,,
146,person,0.7969824075698853,42,229,245,294,462,No,,,,,
146,car,0.2527012228965759,48,1235,315,1277,344,No,,,,,
146,car,0.4595043361186981,52,1382,324,1450,368,No,,,,,
147,car,0.6160082221031189,41,1425,322,1515,381,No,,,,,
147,bus,0.5976808071136475,1,1277,250,1392,365,No,,,,,
147,person,0.799207866191864,42,233,244,296,461,No,,,,,
147,car,0.22175893187522888,48,1235,314,1277,344,No,,,,,
147,car,0.4280451834201813,52,1384,324,1446,366,No,,,,,
147,car,0.3966584801673889,55,1388,323,1459,372,No,,,,,
148,car,0.5586599707603455,41,1425,322,1512,381,No,,,,,
148,bus,0.6357062458992004,1,1276,250,1393,365,No,,,,,
148,person,0.37931886315345764,42,238,243,301,461,No,,,,,
148,car,0.20612706243991852,48,1236,313,1275,343,No,,,,,
148,car,0.5016007423400879,52,1382,324,1446,366,No,,,,,
148,car,0.2811289429664612,55,1390,323,1458,372,No,,,,,
149,car,0.5547849535942078,41,1426,322,1510,380,No,,,,,
149,bus,0.7160555720329285,1,1276,250,1392,365,No,,,,,
149,person,0.11260128021240234,42,241,244,306,461,No,,,,,
149,car,0.18337802588939667,48,1236,314,1274,343,No,,,,,
149,car,0.5476993918418884,52,1382,323,1444,365,No,,,,,
149,car,0.28081759810447693,55,1391,323,1457,373,No,,,,,
150,car,0.5743609666824341,41,1426,322,1511,381,No,,,,,
150,bus,0.7375580072402954,1,1276,250,1392,365,No,,,,,
150,person,0.8004137873649597,42,242,242,309,461,No,,,,,
150,car,0.16564173996448517,48,1236,314,1273,344,No,,,,,
150,car,0.5539400577545166,52,1381,323,1442,365,No,,,,,
150,car,0.41999730467796326,55,1385,323,1455,372,No,,,,,
151,car,0.5812485218048096,41,1426,323,1511,381,No,,,,,
151,bus,0.7519684433937073,1,1275,250,1391,364,No,,,,,
151,person,0.7936096787452698,42,243,246,316,461,No,,,,,
151,car,0.16258001327514648,48,1236,313,1272,343,No,,,,,
151,car,0.5906484723091125,52,1381,323,1439,364,No,,,,,
151,car,0.4191860556602478,55,1382,323,1454,371,No,,,,,
152,car,0.5591854453086853,41,1426,323,1509,381,No,,,,,
152,bus,0.7768617272377014,1,1274,250,1389,364,No,,,,,
152,person,0.773281455039978,42,244,249,320,461,No,,,,,
152,car,0.14592303335666656,48,1237,312,1272,343,No,,,,,
152,car,0.5506494045257568,52,1381,323,1438,364,No,,,,,
152,car,0.4055427610874176,55,1382,323,1454,371,No,,,,,
153,car,0.5519614815711975,41,1426,323,1508,381,No,,,,,
153,bus,0.825203537940979,1,1274,251,1386,364,No,,,,,
153,person,0.79792320728302,42,244,251,323,460,No,,,,,
153,car,0.12875668704509735,48,1237,310,1271,343,No,,,,,
153,car,0.5477166771888733,52,1381,323,1437,364,No,,,,,
153,car,0.41134127974510193,55,1382,323,1454,371,No,,,,,
154,car,0.5319030284881592,41,1425,323,1507,381,No,,,,,
154,bus,0.8118195533752441,1,1274,251,1385,364,No,,,,,
154,person,0.7876641154289246,42,248,252,326,459,No,,,,,
154,car,0.12410308420658112,48,1236,309,1271,343,No,,,,,
154,car,0.5817111134529114,52,1379,323,1439,365,No,,,,,
154,car,0.42016366124153137,55,1380,323,1454,371,No,,,,,
155,car,0.5275936722755432,41,1425,323,1505,381,No,,,,,
155,bus,0.773510754108429,1,1273,251,1384,362,No,,,,,
155,person,0.7492697238922119,42,251,256,330,459,No,,,,,
155,car,0.11182806640863419,48,1237,311,1272,343,No,,,,,
155,car,0.5854954123497009,52,1377,323,1438,365,No,,,,,
155,car,0.39286330342292786,55,1378,323,1454,372,No,,,,,
156,car,0.5128920078277588,41,1425,323,1504,379,No,,,,,
156,bus,0.7816048860549927,1,1272,251,1382,362,No,,,,,
156,person,0.7238432765007019,42,253,255,331,459,No,,,,,
156,car,0.5977069735527039,52,1377,323,1439,365,No,,,,,
156,car,0.3999926745891571,55,1377,323,1454,372,No,,,,,
157,car,0.5327667593955994,41,1425,323,1508,378,No,,,,,
157,bus,0.7557769417762756,1,1271,252,1381,362,No,,,,,
157,person,0.7982425689697266,42,260,253,334,452,No,,,,,
157,car,0.5993944406509399,52,1377,324,1440,365,No,,,,,
157,car,0.2575206458568573,55,1383,323,1455,373,No,,,,,
158,car,0.5694752931594849,41,1424,323,1511,379,No,,,,,
158,bus,0.7532863020896912,1,1270,252,1379,362,No,,,,,
158,person,0.792174220085144,42,266,252,338,449,No,,,,,
158,car,0.5866252779960632,52,1377,324,1439,365,No,,,,,
158,car,0.3825441300868988,55,1380,323,1455,372,No,,,,,
159,car,0.5539645552635193,41,1425,323,1512,379,No,,,,,
159,bus,0.7089134454727173,1,1270,252,1378,362,No,,,,,
159,person,0.7877600789070129,42,275,246,343,450,No,,,,,
159,car,0.5747763514518738,52,1377,324,1443,365,No,,,,,
159,car,0.24751125276088715,55,1386,324,1455,373,No,,,,,
160,car,0.5411611795425415,41,1425,323,1512,379,No,,,,,
160,bus,0.7473601698875427,1,1271,252,1379,362,No,,,,,
160,person,0.7992314100265503,42,282,244,350,450,No,,,,,
160,car,0.5629284381866455,52,1377,324,1445,365,No,,,,,
160,car,0.25660598278045654,55,1389,324,1457,373,No,,,,,
161,car,0.5418053865432739,41,1425,323,1512,378,No,,,,,
161,bus,0.782515287399292,1,1270,252,1379,362,No,,,,,
161,person,0.8037121891975403,42,289,245,355,451,No,,,,,
161,car,0.5668150782585144,52,1378,324,1445,365,No,,,,,
161,car,0.25295111536979675,55,1392,324,1457,373,No,,,,,
162,car,0.5322957038879395,41,1425,323,1512,378,No,,,,,
162,bus,0.7723850011825562,1,1269,252,1378,361,No,,,,,
162,person,0.7901899218559265,42,292,250,360,451,No,,,,,
162,car,0.5639256238937378,52,1378,324,1447,365,No,,,,,
162,car,0.2529121935367584,55,1392,324,1457,373,No,,,,,
163,car,0.533513069152832,41,1425,323,1512,378,No,,,,,
163,bus,0.7573766112327576,1,1269,252,1377,361,No,,,,,
163,person,0.7434903383255005,42,295,257,366,452,No,,,,,
163,car,0.5569782853126526,52,1379,325,1446,365,No,,,,,
163,car,0.25482285022735596,55,1392,324,1458,374,No,,,,,
164,car,0.5248023271560669,41,1425,323,1513,378,No,,,,,
164,bus,0.7579852938652039,1,1269,252,1375,361,No,,,,,
164,person,0.73195481300354,42,298,262,373,451,No,,,,,
164,car,0.5441091060638428,52,1378,325,1447,365,No,,,,,
164,car,0.26049911975860596,55,1392,324,1459,374,No,,,,,
165,car,0.5494404435157776,41,1424,323,1513,378,No,,,,,
165,bus,0.7840254306793213,1,1269,252,1374,361,No,,,,,
165,person,0.8044261932373047,42,301,265,379,451,No,,,,,
165,car,0.5427153706550598,52,1379,325,1447,365,No,,,,,
165,car,0.2687813341617584,55,1393,324,1458,374,No,,,,,
166,car,0.5526401400566101,41,1425,323,1513,378,No,,,,,
166,bus,0.7638312578201294,1,1267,254,1373,361,No,,,,,
166,person,0.824444055557251,42,303,262,383,451,No,,,,,
166,car,0.5495561361312866,52,1379,325,1446,365,No,,,,,
166,car,0.26665276288986206,55,1392,324,1457,373,No,,,,,
167,car,0.5336253046989441,41,1425,323,1511,379,No,,,,,
167,bus,0.7722872495651245,1,1264,254,1371,360,No,,,,,
167,person,0.8207911849021912,42,305,262,385,451,No,,,,,
167,car,0.5312830209732056,52,1379,325,1446,365,No,,,,,
167,car,0.37075141072273254,55,1387,324,1456,372,No,,,,,
168,car,0.5347382426261902,41,1425,323,1510,380,No,,,,,
168,bus,0.7820424437522888,1,1263,254,1370,359,No,,,,,
168,person,0.8363543152809143,42,305,262,387,451,No,,,,,
168,car,0.5535743832588196,52,1380,325,1446,365,No,,,,,
168,car,0.37486153841018677,55,1385,323,1455,372,No,,,,,
168,car,0.3617594838142395,65,1367,322,1404,357,No,,,,,
169,car,0.5991356372833252,41,1425,323,1513,382,No,,,,,
169,bus,0.7937225699424744,1,1262,254,1369,358,No,,,,,
169,person,0.853701114654541,42,308,259,388,450,No,,,,,
169,car,0.5659079551696777,52,1379,324,1442,365,No,,,,,
169,car,0.35176631808280945,55,1384,323,1452,371,No,,,,,
169,car,0.4323428273200989,65,1365,321,1402,357,No,,,,,
170,car,0.5887656211853027,41,1425,323,1514,382,No,,,,,
170,bus,0.7892118096351624,1,1261,254,1368,358,No,,,,,
170,person,0.8122676610946655,42,312,258,389,450,No,,,,,
170,car,0.5638179779052734,52,1380,324,1441,364,No,,,,,
170,car,0.3560311198234558,55,1384,323,1452,371,No,,,,,
170,car,0.49550333619117737,65,1362,320,1400,357,No,,,,,
171,car,0.5974758267402649,41,1425,323,1514,382,No,,,,,
171,bus,0.7731079459190369,1,1259,255,1367,358,No,,,,,
171,person,0.769034206867218,42,318,257,393,450,No,,,,,
171,car,0.576381504535675,52,1380,324,1440,364,No,,,,,
171,car,0.35497617721557617,55,1384,323,1451,370,No,,,,,
171,car,0.508669912815094,65,1362,320,1399,357,No,,,,,
172,car,0.6004611253738403,41,1425,323,1514,382,No,,,,,
172,bus,0.7569075226783752,1,1258,255,1365,357,No,,,,,
172,person,0.7618374228477478,42,326,257,395,448,No,,,,,
172,car,0.571167528629303,52,1380,324,1439,363,No,,,,,
172,car,0.34027406573295593,55,1384,323,1451,370,No,,,,,
172,car,0.5668532848358154,65,1361,320,1399,358,No,,,,,
173,car,0.588769793510437,41,1425,323,1514,382,No,,,,,
173,bus,0.7230727076530457,1,1258,256,1364,357,No,,,,,
173,person,0.7730705142021179,42,332,259,396,447,No,,,,,
173,car,0.5658341646194458,52,1381,324,1440,363,No,,,,,
173,car,0.3574448525905609,55,1384,323,1451,371,No,,,,,
173,car,0.5579965114593506,65,1361,320,1398,358,No,,,,,
174,car,0.5878440141677856,41,1425,323,1514,382,No,,,,,
174,bus,0.7210986018180847,1,1258,257,1362,357,No,,,,,
174,person,0.8006402254104614,42,337,258,398,445,No,,,,,
174,car,0.5823943018913269,52,1382,324,1439,363,No,,,,,
174,car,0.3641846477985382,55,1384,324,1451,371,No,,,,,
174,car,0.5693261027336121,65,1362,320,1398,357,No,,,,,
175,car,0.5828667283058167,41,1426,323,1514,381,No,,,,,
175,bus,0.7216541171073914,1,1258,257,1361,357,No,,,,,
175,person,0.6085134148597717,42,341,258,400,444,No,,,,,
175,car,0.5664551258087158,52,1382,324,1439,363,No,,,,,
175,car,0.36447927355766296,55,1384,324,1451,371,No,,,,,
175,car,0.5616436004638672,65,1363,321,1398,357,No,,,,,
176,car,0.5627578496932983,41,1426,323,1514,380,No,,,,,
176,bus,0.728824257850647,1,1257,257,1360,357,No,,,,,
176,person,0.5857418179512024,42,343,256,403,444,No,,,,,
176,car,0.5599607825279236,52,1382,324,1439,363,No,,,,,
176,car,0.37537771463394165,55,1384,324,1451,371,No,,,,,
176,car,0.5801392793655396,65,1361,321,1398,357,No,,,,,
177,car,0.5633200407028198,41,1427,323,1513,380,No,,,,,
177,bus,0.7065091133117676,1,1256,257,1359,357,No,,,,,
177,person,0.5943569540977478,42,345,262,403,445,No,,,,,
177,car,0.5615966320037842,52,1382,324,1439,363,No,,,,,
177,car,0.3667972683906555,55,1384,324,1451,371,No,,,,,
177,car,0.6072865724563599,65,1359,321,1398,357,No,,,,,
178,car,0.5359808802604675,41,1426,323,1512,381,No,,,,,
178,bus,0.669633686542511,1,1256,257,1358,358,No,,,,,
178,person,0.762992262840271,42,348,258,409,444,No,,,,,
178,car,0.5615581274032593,52,1382,324,1438,363,No,,,,,
178,car,0.36905765533447266,55,1384,324,1451,371,No,,,,,
178,car,0.608466625213623,65,1359,321,1399,357,No,,,,,
179,car,0.5528271198272705,41,1426,323,1512,380,No,,,,,
179,bus,0.6823679208755493,1,1256,257,1357,358,No,,,,,
179,person,0.8010429739952087,42,348,255,413,444,No,,,,,
179,car,0.5461479425430298,52,1382,324,1437,363,No,,,,,
179,car,0.3668251633644104,55,1384,324,1451,371,No,,,,,
179,car,0.6172357797622681,65,1359,321,1399,357,No,,,,,
179,car,0.38364559412002563,66,1348,320,1396,355,No,,,,,
180,car,0.5354753732681274,41,1426,324,1511,379,No,,,,,
180,bus,0.6411830186843872,1,1256,257,1356,358,No,,,,,
180,person,0.770125150680542,42,350,255,415,444,No,,,,,
180,car,0.5476464629173279,52,1382,324,1437,363,No,,,,,
180,car,0.347398966550827,55,1384,324,1451,371,No,,,,,
180,car,0.6335495710372925,65,1360,321,1400,357,No,,,,,
180,car,0.3556992709636688,66,1348,320,1396,355,No,,,,,
181,car,0.51042640209198,41,1426,324,1510,379,No,,,,,
181,bus,0.6391872763633728,1,1255,258,1355,358,No,,,,,
181,person,0.7555115818977356,42,349,255,418,443,No,,,,,
181,car,0.5293353796005249,52,1382,324,1437,363,No,,,,,
181,car,0.3714424967765808,55,1384,324,1452,372,No,,,,,
181,car,0.6427040696144104,65,1360,321,1401,356,No,,,,,
181,car,0.43091869354248047,66,1348,319,1395,354,No,,,,,
182,car,0.4977717101573944,41,1426,324,1508,379,No,,,,,
182,bus,0.5049878358840942,1,1255,259,1354,357,No,,,,,
182,person,0.7330101728439331,42,349,257,423,444,No,,,,,
182,car,0.5027289390563965,52,1382,324,1437,362,No,,,,,
182,car,0.35462772846221924,55,1385,324,1452,372,No,,,,,
182,car,0.6654865145683289,65,1357,321,1401,356,No,,,,,
182,car,0.414204478263855,66,1349,319,1394,354,No,,,,,
183,car,0.47392451763153076,41,1427,324,1505,378,No,,,,,
183,bus,0.5570691227912903,1,1254,259,1354,357,No,,,,,
183,person,0.7346913814544678,42,355,259,425,443,No,,,,,
183,car,0.49663621187210083,52,1382,324,1438,362,No,,,,,
183,car,0.35701891779899597,55,1385,324,1453,372,No,,,,,
183,car,0.6421890258789062,65,1355,321,1401,356,No,,,,,
183,car,0.4275488555431366,66,1348,318,1393,354,No,,,,,
184,car,0.48676249384880066,41,1428,324,1504,378,No,,,,,
184,bus,0.55934739112854,1,1254,260,1353,357,No,,,,,
184,person,0.7586292624473572,42,360,262,428,442,No,,,,,
184,car,0.4959019422531128,52,1383,324,1438,363,No,,,,,
184,car,0.36316660046577454,55,1385,324,1453,372,No,,,,,
184,car,0.6344907283782959,65,1356,321,1401,356,No,,,,,
184,car,0.4290076494216919,66,1347,319,1392,354,None,0.33267468214035034,39,6,44,20
185,car,0.4863205850124359,41,1428,324,1504,378,No,,,,,
185,bus,0.4479309916496277,1,1257,259,1351,357,No,,,,,
185,person,0.7591779232025146,42,366,263,430,440,No,,,,,
185,car,0.47413206100463867,52,1382,324,1438,363,No,,,,,
185,car,0.3497242033481598,55,1385,324,1452,372,No,,,,,
185,car,0.6229206919670105,65,1357,321,1401,356,No,,,,,
185,car,0.4382892847061157,66,1346,319,1391,354,No,,,,,
186,car,0.48578622937202454,41,1428,324,1505,378,No,,,,,
186,bus,0.4198785722255707,1,1258,260,1350,358,No,,,,,
186,person,0.7332121133804321,42,373,261,434,439,No,,,,,
186,car,0.4776966869831085,52,1382,324,1438,362,No,,,,,
186,car,0.3418377935886383,55,1385,324,1452,372,No,,,,,
186,car,0.6317862272262573,65,1360,321,1401,356,No,,,,,
186,car,0.4676501452922821,66,1344,319,1391,354,No,,,,,
187,car,0.5093496441841125,41,1429,324,1505,378,No,,,,,
187,bus,0.49303698539733887,1,1254,260,1350,357,No,,,,,
187,person,0.7444754838943481,42,379,258,439,440,No,,,,,
187,car,0.49088647961616516,52,1383,324,1437,362,No,,,,,
187,car,0.3532915711402893,55,1385,324,1451,372,No,,,,,
187,car,0.6290058493614197,65,1362,321,1401,356,No,,,,,
187,car,0.45049867033958435,66,1344,320,1391,353,No,,,,,
188,car,0.5066540837287903,41,1429,324,1504,378,No,,,,,
188,bus,0.4799085855484009,1,1251,259,1350,357,No,,,,,
188,person,0.7488256096839905,42,382,258,444,440,No,,,,,
188,car,0.4820759892463684,52,1383,324,1437,362,No,,,,,
188,car,0.3593367040157318,55,1385,324,1451,372,No,,,,,
188,car,0.6176473498344421,65,1363,322,1401,356,No,,,,,
188,car,0.44243112206459045,66,1345,320,1391,353,No,,,,,
189,car,0.5067360997200012,41,1429,324,1504,378,No,,,,,
189,bus,0.5168529152870178,1,1251,259,1349,357,No,,,,,
189,person,0.7794727087020874,42,386,257,448,438,No,,,,,
189,car,0.48254746198654175,52,1383,324,1437,362,No,,,,,
189,car,0.3522524833679199,55,1385,324,1450,372,No,,,,,
189,car,0.6290605664253235,65,1362,322,1400,356,No,,,,,
189,car,0.49037936329841614,66,1345,321,1392,353,',0.30053606629371643,41,4,47,18
190,car,0.5212051272392273,41,1429,324,1505,378,No,,,,,
190,bus,0.4125160574913025,1,1251,260,1349,356,No,,,,,
190,person,0.7500605583190918,42,392,257,452,437,No,,,,,
190,car,0.48693764209747314,52,1383,324,1437,362,No,,,,,
190,car,0.34322303533554077,55,1385,324,1448,372,No,,,,,
190,car,0.6292111873626709,65,1361,322,1401,356,No,,,,,
190,car,0.5219358801841736,66,1343,321,1392,353,No,,,,,
191,car,0.5150296688079834,41,1429,324,1505,378,No,,,,,
191,bus,0.43609336018562317,1,1250,261,1348,355,No,,,,,
191,person,0.7241995334625244,42,395,263,458,437,No,,,,,
191,car,0.48209908604621887,52,1383,324,1437,362,No,,,,,
191,car,0.3547056317329407,55,1386,324,1448,372,No,,,,,
191,car,0.6334813237190247,65,1363,322,1400,356,No,,,,,
191,car,0.537670373916626,66,1342,321,1391,353,No,,,,,
192,car,0.5183650255203247,41,1429,324,1506,379,No,,,,,
192,bus,0.5142654776573181,1,1248,260,1346,355,No,,,,,
192,person,0.737322986125946,42,397,269,465,438,No,,,,,
192,car,0.4768194258213043,52,1383,324,1438,362,None,0.2576245367527008,0,27,54,38
192,car,0.3530978560447693,55,1386,324,1447,372,No,,,,,
192,car,0.6244849562644958,65,1364,322,1400,356,No,,,,,
192,car,0.5550131797790527,66,1341,321,1390,353,No,,,,,
193,car,0.5289129018783569,41,1429,323,1508,379,No,,,,,
193,bus,0.3940308690071106,1,1247,259,1343,355,No,,,,,
193,person,0.7442265152931213,42,399,271,468,438,No,,,,,
193,car,0.45901593565940857,52,1383,324,1437,362,No,,,,,
193,car,0.3372107744216919,55,1386,324,1449,372,No,,,,,
193,car,0.6133480668067932,65,1362,322,1399,356,No,,,,,
193,car,0.5753298401832581,66,1340,321,1387,353,No,,,,,
194,car,0.5309818387031555,41,1429,323,1509,379,No,,,,,
194,bus,0.3400503993034363,1,1245,260,1341,355,No,,,,,
194,person,0.7686795592308044,42,400,275,472,438,No,,,,,
194,car,0.4577791094779968,52,1384,325,1437,362,No,,,,,
194,car,0.33756235241889954,55,1386,324,1449,371,No,,,,,
194,car,0.6108928918838501,65,1361,322,1398,356,No,,,,,
194,car,0.5934684872627258,66,1341,322,1386,353,No,,,,,
195,car,0.5400136113166809,41,1429,323,1509,380,No,,,,,
195,bus,0.4376920461654663,1,1246,259,1340,355,No,,,,,
195,person,0.7175474762916565,42,400,269,474,438,No,,,,,
195,car,0.4704388678073883,52,1383,325,1436,361,None,0.5773431658744812,0,25,52,36
195,car,0.33818382024765015,55,1386,324,1448,371,No,,,,,
195,car,0.6086651682853699,65,1362,322,1398,356,No,,,,,
195,car,0.6197511553764343,66,1340,322,1383,353,No,,,,,
196,car,0.5447760820388794,41,1429,323,1509,380,No,,,,,
196,bus,0.5348174571990967,1,1246,260,1341,354,No,,,,,
196,person,0.7222500443458557,42,401,267,476,438,No,,,,,
196,car,0.4751729369163513,52,1383,325,1436,361,None,0.42797401547431946,0,26,52,36
196,car,0.3367079496383667,55,1386,324,1447,371,No,,,,,
196,car,0.6071869134902954,65,1363,322,1398,356,No,,,,,
196,car,0.606234610080719,66,1340,322,1381,353,No,,,,,
197,car,0.5381148457527161,41,1429,323,1509,380,No,,,,,
197,bus,0.39392220973968506,1,1246,261,1339,354,No,,,,,
197,person,0.7383911609649658,42,404,270,476,437,No,,,,,
197,car,0.46054622530937195,52,1383,325,1436,362,No,,,,,
197,car,0.3362607955932617,55,1386,324,1447,371,No,,,,,
197,car,0.5774392485618591,65,1362,323,1397,356,No,,,,,
197,car,0.5655438303947449,66,1342,322,1380,352,No,,,,,
198,car,0.5390571355819702,41,1429,323,1509,380,No,,,,,
198,bus,0.41919904947280884,1,1246,261,1338,353,No,,,,,
198,person,0.7318846583366394,42,409,270,478,436,No,,,,,
198,car,0.4683496057987213,52,1383,325,1436,362,No,,,,,
198,car,0.33316731452941895,55,1385,324,1447,371,No,,,,,
198,car,0.5767698884010315,65,1363,323,1397,356,No,,,,,
198,car,0.5796448588371277,66,1342,323,1378,352,No,,,,,
199,car,0.5496094822883606,41,1429,323,1510,380,No,,,,,
199,bus,0.39517316222190857,1,1245,260,1337,353,No,,,,,
199,person,0.7492061853408813,42,414,269,478,435,No,,,,,
199,car,0.4668090343475342,52,1384,325,1437,362,No,,,,,
199,car,0.34150078892707825,55,1386,324,1447,371,No,,,,,
199,car,0.5647444128990173,65,1363,323,1397,356,No,,,,,
199,car,0.5596256852149963,66,1343,323,1380,352,No,,,,,
200,car,0.5516610145568848,41,1429,323,1510,380,No,,,,,
200,bus,0.17726373672485352,1,1245,262,1336,352,No,,,,,
200,person,0.745396614074707,42,419,270,478,432,No,,,,,
200,car,0.4542368948459625,52,1384,325,1436,361,No,,,,,
200,car,0.3394498825073242,55,1386,324,1448,371,No,,,,,
200,car,0.5759888887405396,65,1361,323,1397,356,No,,,,,
200,car,0.547249972820282,66,1344,323,1382,352,No,,,,,
201,car,0.560630202293396,41,1429,323,1510,380,No,,,,,
201,bus,0.36403539776802063,1,1246,262,1336,352,No,,,,,
201,person,0.7217329144477844,42,424,268,480,432,No,,,,,
201,car,0.47382986545562744,52,1384,325,1436,361,No,,,,,
201,car,0.34047362208366394,55,1386,324,1447,370,No,,,,,
201,car,0.5821866989135742,65,1362,323,1397,356,No,,,,,
201,car,0.5537671446800232,66,1344,323,1380,352,No,,,,,
202,car,0.5669167637825012,41,1428,323,1510,380,No,,,,,
202,bus,0.3146548569202423,1,1247,262,1336,353,No,,,,,
202,person,0.7414030432701111,42,428,263,484,431,No,,,,,
202,car,0.47923925518989563,52,1384,325,1436,361,No,,,,,
202,car,0.33854660391807556,55,1386,324,1447,370,No,,,,,
202,car,0.5863750576972961,65,1362,323,1397,356,No,,,,,
202,car,0.5726457834243774,66,1344,323,1381,352,No,,,,,
203,car,0.5733942985534668,41,1428,323,1511,380,No,,,,,
203,bus,0.48498842120170593,1,1248,262,1334,353,No,,,,,
203,person,0.7255536913871765,42,431,258,486,430,No,,,,,
203,car,0.4828927516937256,52,1384,325,1436,361,No,,,,,
203,car,0.34309470653533936,55,1386,324,1446,370,No,,,,,
203,car,0.6070500016212463,65,1363,323,1398,356,No,,,,,
203,car,0.5790561437606812,66,1343,323,1380,352,No,,,,,
204,car,0.5753189325332642,41,1428,323,1511,380,No,,,,,
204,bus,0.5156987309455872,1,1248,262,1333,354,No,,,,,
204,person,0.28138139843940735,42,434,262,486,428,No,,,,,
204,car,0.47488877177238464,52,1384,325,1436,361,No,,,,,
204,car,0.3468285799026489,55,1386,324,1446,370,No,,,,,
204,car,0.5921981930732727,65,1362,323,1397,356,No,,,,,
204,car,0.5801908373832703,66,1344,323,1380,352,No,,,,,
205,car,0.5754654407501221,41,1428,323,1510,380,No,,,,,
205,bus,0.4967508614063263,1,1247,261,1332,354,No,,,,,
205,person,0.7545864582061768,42,436,262,488,429,No,,,,,
205,car,0.4745662808418274,52,1384,325,1435,361,No,,,,,
205,car,0.34664860367774963,55,1387,324,1446,370,No,,,,,
205,car,0.6135802865028381,65,1362,323,1397,356,No,,,,,
205,car,0.5881115198135376,66,1344,323,1380,352,No,,,,,
206,car,0.57266765832901,41,1428,323,1509,380,No,,,,,
206,bus,0.4624168574810028,1,1248,262,1331,354,No,,,,,
206,person,0.7658737301826477,42,437,262,491,430,No,,,,,
206,car,0.4748925268650055,52,1384,325,1435,361,No,,,,,
206,car,0.3489499092102051,55,1387,324,1446,371,No,,,,,
206,car,0.607550859451294,65,1361,323,1397,356,No,,,,,
206,car,0.5387810468673706,66,1345,323,1380,352,No,,,,,
207,car,0.5948753952980042,41,1428,323,1509,380,No,,,,,
207,bus,0.5567349791526794,1,1247,263,1329,354,No,,,,,
207,person,0.7522005438804626,42,439,267,493,430,No,,,,,
207,car,0.48132312297821045,52,1384,325,1434,361,No,,,,,
207,car,0.3445504903793335,55,1387,324,1445,371,No,,,,,
207,car,0.6433144211769104,65,1362,322,1398,357,No,,,,,
207,car,0.5201324224472046,66,1346,323,1378,352,No,,,,,
208,car,0.5866454243659973,41,1428,323,1509,380,No,,,,,
208,bus,0.5184400081634521,1,1247,263,1328,353,No,,,,,
208,person,0.7055997848510742,42,443,273,495,432,No,,,,,
208,car,0.48827338218688965,52,1384,325,1434,360,No,,,,,
208,car,0.3392525315284729,55,1387,324,1444,371,No,,,,,
208,car,0.6444327235221863,65,1362,322,1398,357,No,,,,,
208,car,0.5399347543716431,66,1347,323,1379,352,No,,,,,
209,car,0.5833032727241516,41,1428,323,1509,380,No,,,,,
209,bus,0.5273115634918213,1,1247,263,1328,352,No,,,,,
209,person,0.6277391910552979,42,444,275,498,432,No,,,,,
209,car,0.4886680245399475,52,1384,325,1434,360,No,,,,,
209,car,0.33512747287750244,55,1387,324,1444,370,No,,,,,
209,car,0.6556508541107178,65,1361,322,1398,357,No,,,,,
209,car,0.5520129203796387,66,1347,323,1380,352,No,,,,,
210,car,0.5793062448501587,41,1428,323,1508,380,No,,,,,
210,bus,0.5686315298080444,1,1246,263,1329,351,No,,,,,
210,person,0.6522729992866516,42,446,275,501,432,No,,,,,
210,car,0.4896107017993927,52,1384,325,1434,360,No,,,,,
210,car,0.3346000611782074,55,1387,324,1444,370,No,,,,,
210,car,0.6479341387748718,65,1360,322,1398,357,No,,,,,
210,car,0.5627923607826233,66,1348,323,1381,352,No,,,,,
211,car,0.5636568665504456,41,1429,323,1507,380,No,,,,,
211,bus,0.6674851775169373,1,1246,262,1330,351,No,,,,,
211,person,0.705014705657959,42,449,276,502,431,No,,,,,
211,car,0.491329163312912,52,1384,325,1434,360,No,,,,,
211,car,0.33111298084259033,55,1387,324,1444,370,No,,,,,
211,car,0.6511663794517517,65,1361,322,1398,357,No,,,,,
211,car,0.5658641457557678,66,1347,323,1379,352,No,,,,,
212,car,0.5729738473892212,41,1429,323,1507,380,No,,,,,
212,bus,0.5306453108787537,1,1245,262,1330,351,No,,,,,
212,person,0.5910478830337524,42,453,276,506,429,No,,,,,
212,car,0.4832916855812073,52,1384,325,1434,360,No,,,,,
212,car,0.3245275914669037,55,1387,324,1444,371,No,,,,,
212,car,0.6278640627861023,65,1361,322,1398,357,No,,,,,
212,car,0.564635694026947,66,1347,323,1378,352,No,,,,,
213,car,0.5778522491455078,41,1428,323,1508,380,No,,,,,
213,bus,0.4912964701652527,1,1245,262,1329,350,No,,,,,
213,person,0.6209949851036072,42,456,264,511,429,No,,,,,
213,car,0.4939020276069641,52,1384,325,1434,360,No,,,,,
213,car,0.3227068781852722,55,1387,324,1444,371,No,,,,,
213,car,0.6282944679260254,65,1362,322,1398,357,No,,,,,
213,car,0.5696929693222046,66,1346,323,1377,351,No,,,,,
214,car,0.5684829950332642,41,1429,323,1508,380,No,,,,,
214,bus,0.6038479208946228,1,1245,262,1328,349,No,,,,,
214,person,0.6983722448348999,42,459,262,514,427,No,,,,,
214,car,0.5005326271057129,52,1384,325,1434,360,No,,,,,
214,car,0.3249642252922058,55,1387,324,1444,371,No,,,,,
214,car,0.6311661601066589,65,1364,322,1398,357,No,,,,,
214,car,0.5703678131103516,66,1346,323,1376,351,No,,,,,
215,car,0.5743425488471985,41,1429,323,1508,380,No,,,,,
215,bus,0.5331420302391052,1,1244,262,1327,348,No,,,,,
215,person,0.7354884147644043,42,461,263,517,426,No,,,,,
215,car,0.5002501010894775,52,1384,325,1434,360,No,,,,,
215,car,0.3224634826183319,55,1387,324,1444,370,No,,,,,
215,car,0.6360118985176086,65,1364,322,1398,357,No,,,,,
215,car,0.5595970153808594,66,1347,323,1378,351,No,,,,,
216,car,0.5784360766410828,41,1428,323,1508,381,No,,,,,
216,bus,0.2827221155166626,1,1245,263,1325,348,No,,,,,
216,person,0.6920053362846375,42,463,263,520,426,No,,,,,
216,car,0.48973992466926575,52,1383,325,1434,360,None,0.47829383611679077,0,25,51,35
216,car,0.31459400057792664,55,1387,324,1444,370,None,0.3039933443069458,0,23,42,35
216,car,0.6254499554634094,65,1363,322,1398,357,No,,,,,
216,car,0.5522192716598511,66,1346,322,1379,351,No,,,,,
217,car,0.5689395666122437,41,1428,323,1510,380,No,,,,,
217,bus,0.3827081024646759,1,1244,263,1331,348,No,,,,,
217,person,0.6007933020591736,42,468,263,523,427,No,,,,,
217,car,0.5022616386413574,52,1383,324,1434,360,No,,,,,
217,car,0.33040475845336914,55,1386,324,1445,370,No,,,,,
217,car,0.6089422106742859,65,1365,322,1397,357,No,,,,,
217,car,0.5887265205383301,66,1345,322,1381,352,No,,,,,
217,car,0.3273146152496338,73,1247,308,1342,349,No,,,,,
218,car,0.5798456072807312,41,1428,323,1510,381,No,,,,,
218,bus,0.31683868169784546,1,1245,264,1331,348,No,,,,,
218,person,0.3536512553691864,42,472,269,524,425,No,,,,,
218,car,0.5022683143615723,52,1383,324,1435,360,No,,,,,
218,car,0.33286038041114807,55,1386,324,1446,369,No,,,,,
218,car,0.6063668727874756,65,1365,322,1397,357,No,,,,,
218,car,0.5984684824943542,66,1345,322,1382,352,No,,,,,
218,car,0.36194291710853577,73,1248,307,1341,349,No,,,,,
219,car,0.5807331800460815,41,1428,323,1511,381,No,,,,,
219,bus,0.35196876525878906,1,1245,264,1333,348,No,,,,,
219,person,0.6510170102119446,42,474,269,527,423,No,,,,,
219,car,0.5063518285751343,52,1383,324,1434,360,No,,,,,
219,car,0.3271348476409912,55,1386,324,1446,369,No,,,,,
219,car,0.6112790703773499,65,1365,322,1397,357,No,,,,,
219,car,0.5954020619392395,66,1345,322,1383,352,No,,,,,
219,car,0.34690073132514954,73,1248,306,1341,349,No,,,,,
220,car,0.5727074146270752,41,1428,323,1510,381,No,,,,,
220,bus,0.3025367558002472,1,1244,273,1336,348,No,,,,,
220,person,0.5924322009086609,42,475,272,530,422,No,,,,,
220,car,0.5031890273094177,52,1383,324,1434,360,No,,,,,
220,car,0.32327473163604736,55,1386,324,1446,369,No,,,,,
220,car,0.6154294013977051,65,1366,322,1397,357,No,,,,,
220,car,0.583943784236908,66,1344,322,1383,352,No,,,,,
220,car,0.3553902804851532,73,1248,303,1336,349,No,,,,,
221,car,0.5843279361724854,41,1429,323,1510,381,No,,,,,
221,bus,0.40476447343826294,1,1243,272,1337,349,No,,,,,
221,person,0.611225962638855,42,478,274,535,423,No,,,,,
221,car,0.5082566142082214,52,1382,324,1433,360,No,,,,,
221,car,0.31698155403137207,55,1386,323,1446,369,No,,,,,
221,car,0.6215227246284485,65,1365,322,1397,357,No,,,,,
221,car,0.6147432327270508,66,1344,321,1383,352,No,,,,,
221,car,0.3293417990207672,73,1247,306,1341,349,No,,,,,
221,car,0.3323209583759308,82,1304,317,1345,347,No,,,,,
222,car,0.5890036821365356,41,1429,323,1509,381,No,,,,,
222,bus,0.43984299898147583,1,1242,271,1335,350,No,,,,,
222,person,0.7140405178070068,42,477,275,540,423,No,,,,,
222,car,0.5120128393173218,52,1383,324,1434,360,No,,,,,
222,car,0.321737140417099,55,1386,324,1446,369,No,,,,,
222,car,0.6198774576187134,65,1365,322,1398,357,No,,,,,
222,car,0.6139899492263794,66,1344,321,1383,352,No,,,,,
222,car,0.3109344244003296,73,1246,304,1343,349,No,,,,,
222,car,0.3264163136482239,82,1304,317,1346,348,No,,,,,
223,car,0.6047632098197937,41,1429,323,1509,381,No,,,,,
223,bus,0.3508363366127014,1,1243,267,1328,349,No,,,,,
223,person,0.6808838844299316,42,478,274,542,423,No,,,,,
223,car,0.5153533816337585,52,1382,324,1433,360,No,,,,,
223,car,0.3175479769706726,55,1386,324,1445,369,No,,,,,
223,car,0.6222026944160461,65,1367,322,1398,357,No,,,,,
223,car,0.5945496559143066,66,1343,321,1381,352,No,,,,,
223,car,0.20649340748786926,73,1258,310,1343,349,No,,,,,
223,car,0.328380286693573,82,1304,316,1345,348,No,,,,,
224,car,0.6097032427787781,41,1429,323,1509,381,No,,,,,
224,bus,0.3442242443561554,1,1244,269,1321,349,No,,,,,
224,person,0.670102059841156,42,481,269,542,422,No,,,,,
224,car,0.5142495036125183,52,1382,324,1434,360,None,0.33081552386283875,0,25,52,36
224,car,0.31566014885902405,55,1386,324,1445,369,None,0.3728351891040802,0,22,36,36
224,car,0.6132297515869141,65,1367,322,1398,357,No,,,,,
224,car,0.5894154906272888,66,1344,321,1381,352,No,,,,,
224,car,0.23082052171230316,73,1277,313,1343,349,No,,,,,
224,car,0.35549691319465637,82,1303,316,1344,348,No,,,,,
225,car,0.6136668920516968,41,1429,323,1509,381,No,,,,,
225,bus,0.40886208415031433,1,1242,268,1319,349,No,,,,,
225,person,0.6299518942832947,42,482,267,544,421,No,,,,,
225,car,0.5128662586212158,52,1382,324,1434,360,None,0.2521713078022003,0,25,51,36
225,car,0.31288254261016846,55,1386,324,1445,369,None,0.4529626965522766,0,22,36,36
225,car,0.60270094871521,65,1368,322,1398,357,No,,,,,
225,car,0.5958988666534424,66,1343,321,1380,352,No,,,,,
225,car,0.27235233783721924,73,1275,314,1344,349,No,,,,,
225,car,0.36021798849105835,82,1302,316,1344,349,No,,,,,
226,car,0.6164953708648682,41,1429,323,1509,380,No,,,,,
226,bus,0.427621066570282,1,1242,269,1316,349,No,,,,,
226,person,0.6606865525245667,42,487,268,545,423,No,,,,,
226,car,0.5148724913597107,52,1382,324,1434,360,None,0.30394554138183594,0,25,51,36
226,car,0.3185998201370239,55,1386,324,1445,369,',0.5544531345367432,0,22,37,35
226,car,0.6049781441688538,65,1367,322,1398,357,No,,,,,
226,car,0.5901865363121033,66,1343,321,1380,352,No,,,,,
226,car,0.24561120569705963,73,1284,314,1344,349,No,,,,,
226,car,0.3765622079372406,82,1302,316,1344,348,No,,,,,
227,car,0.6168907284736633,41,1429,323,1510,381,No,,,,,
227,bus,0.3914543390274048,1,1242,268,1315,348,No,,,,,
227,person,0.6553682684898376,42,494,269,545,421,No,,,,,
227,car,0.5177078247070312,52,1382,324,1434,360,None,0.3102318048477173,0,25,52,36
227,car,0.32306280732154846,55,1386,324,1445,369,None,0.485314279794693,0,22,36,36
227,car,0.5938027501106262,65,1368,322,1398,357,No,,,,,
227,car,0.5886207818984985,66,1343,322,1380,352,No,,,,,
227,car,0.36271122097969055,82,1303,316,1344,348,No,,,,,
228,car,0.6085363626480103,41,1429,323,1509,381,No,,,,,
228,bus,0.35692042112350464,1,1242,268,1314,348,No,,,,,
228,person,0.6358633637428284,42,498,269,547,421,No,,,,,
228,car,0.5144495964050293,52,1382,324,1434,361,No,,,,,
228,car,0.3224509656429291,55,1386,324,1445,369,No,,,,,
228,car,0.5906673669815063,65,1368,322,1398,357,No,,,,,
228,car,0.5894576907157898,66,1343,322,1379,352,No,,,,,
228,car,0.3810965120792389,82,1302,317,1345,348,No,,,,,
229,car,0.6019148826599121,41,1429,323,1509,380,No,,,,,
229,bus,0.25113511085510254,1,1243,268,1314,347,No,,,,,
229,person,0.7113105654716492,42,501,270,549,421,No,,,,,
229,car,0.5027785301208496,52,1382,324,1435,361,No,,,,,
229,car,0.3310624957084656,55,1386,324,1445,369,No,,,,,
229,car,0.5885194540023804,65,1366,322,1398,357,No,,,,,
229,car,0.5805963277816772,66,1344,322,1381,352,No,,,,,
229,car,0.46748799085617065,82,1302,318,1345,348,No,,,,,
230,car,0.5957863330841064,41,1429,323,1508,379,No,,,,,
230,bus,0.25399741530418396,1,1243,269,1313,347,No,,,,,
230,person,0.7216352820396423,42,503,270,550,420,No,,,,,
230,car,0.506138265132904,52,1383,324,1435,361,No,,,,,
230,car,0.32955247163772583,55,1386,324,1445,369,No,,,,,
230,car,0.5841884613037109,65,1366,322,1398,357,No,,,,,
230,car,0.57157301902771,66,1344,322,1382,352,No,,,,,
230,car,0.5135436654090881,82,1301,318,1345,348,No,,,,,
231,car,0.5687257647514343,41,1429,323,1507,379,No,,,,,
231,bus,0.15130607783794403,1,1244,269,1312,347,No,,,,,
231,person,0.6052742004394531,42,505,272,553,420,No,,,,,
231,car,0.4904858469963074,52,1383,324,1437,361,No,,,,,
231,car,0.351414293050766,55,1386,324,1445,369,No,,,,,
231,car,0.5980027318000793,65,1365,322,1398,357,No,,,,,
231,car,0.5629174113273621,66,1344,322,1383,352,No,,,,,
231,car,0.5436699986457825,82,1301,319,1345,349,No,,,,,
232,car,0.578702986240387,41,1429,323,1507,378,No,,,,,
232,bus,0.1692776381969452,1,1244,269,1311,348,No,,,,,
232,person,0.5474355816841125,42,506,275,555,421,No,,,,,
232,car,0.4987051784992218,52,1383,324,1437,361,No,,,,,
232,car,0.34961622953414917,55,1386,324,1445,369,No,,,,,
232,car,0.5989354848861694,65,1364,323,1397,357,No,,,,,
232,car,0.5550647974014282,66,1344,322,1384,353,No,,,,,
232,car,0.5553619861602783,82,1300,319,1346,350,No,,,,,
233,car,0.5812942385673523,41,1429,323,1507,379,No,,,,,
233,bus,0.16396835446357727,1,1244,270,1311,348,No,,,,,
233,person,0.6924735307693481,42,507,273,558,420,No,,,,,
233,car,0.49689704179763794,52,1384,325,1437,361,No,,,,,
233,car,0.35044676065444946,55,1386,324,1445,369,No,,,,,
233,car,0.5941895842552185,65,1364,323,1398,357,No,,,,,
233,car,0.5419541001319885,66,1345,322,1384,353,No,,,,,
233,car,0.5665076375007629,82,1300,319,1346,350,No,,,,,
234,car,0.599116861820221,41,1429,323,1507,379,No,,,,,
234,bus,0.1603051871061325,1,1244,271,1310,347,No,,,,,
234,person,0.6916647553443909,42,507,279,559,419,No,,,,,
234,car,0.5016672611236572,52,1384,325,1437,361,No,,,,,
234,car,0.3472192883491516,55,1386,324,1445,369,No,,,,,
234,car,0.5989295244216919,65,1364,323,1398,357,No,,,,,
234,car,0.5453663468360901,66,1344,322,1384,353,No,,,,,
234,car,0.5842887759208679,82,1299,320,1346,350,No,,,,,
235,car,0.6238480806350708,41,1429,323,1508,380,No,,,,,
235,bus,0.17122827470302582,1,1242,271,1310,348,No,,,,,
235,person,0.7113068103790283,42,507,278,562,419,No,,,,,
235,car,0.5065949559211731,52,1383,324,1437,361,No,,,,,
235,car,0.3413335382938385,55,1386,324,1445,369,No,,,,,
235,car,0.5985837578773499,65,1364,323,1398,357,No,,,,,
235,car,0.5459883809089661,66,1344,321,1384,353,No,,,,,
235,car,0.5920318961143494,82,1299,319,1346,350,No,,,,,
236,car,0.6170822978019714,41,1429,323,1507,380,No,,,,,
236,bus,0.11976177245378494,1,1242,270,1310,350,No,,,,,
236,person,0.7339068651199341,42,510,275,564,420,No,,,,,
236,car,0.50807785987854,52,1383,324,1436,361,No,,,,,
236,car,0.3403532803058624,55,1386,324,1445,369,No,,,,,
236,car,0.6109610795974731,65,1364,322,1398,357,No,,,,,
236,car,0.5460673570632935,66,1344,321,1383,353,No,,,,,
236,car,0.5491892099380493,82,1300,319,1346,351,No,,,,,
237,car,0.6378734111785889,41,1429,323,1508,380,No,,,,,
237,bus,0.22730010747909546,1,1242,270,1310,350,No,,,,,
237,person,0.751619815826416,42,511,273,565,420,No,,,,,
237,car,0.5036584734916687,52,1383,324,1436,361,No,,,,,
237,car,0.34141862392425537,55,1386,324,1445,368,No,,,,,
237,car,0.6042997241020203,65,1364,322,1398,357,No,,,,,
237,car,0.5461836457252502,66,1344,321,1383,353,No,,,,,
237,car,0.5534272789955139,82,1300,319,1346,351,No,,,,,
238,car,0.64527428150177,41,1429,323,1507,379,No,,,,,
238,bus,0.18463610112667084,1,1242,270,1310,349,No,,,,,
238,person,0.6823232173919678,42,513,273,568,420,No,,,,,
238,car,0.49531492590904236,52,1383,324,1437,361,None,0.263244092464447,1,27,53,37
238,car,0.33554452657699585,55,1386,323,1445,369,',0.4440150558948517,0,14,48,37
238,car,0.5941067934036255,65,1364,322,1398,357,No,,,,,
238,car,0.5290802121162415,66,1345,321,1383,353,No,,,,,
238,car,0.5733942985534668,82,1300,319,1346,351,No,,,,,
239,car,0.6545364260673523,41,1429,322,1508,380,No,,,,,
239,bus,0.19740910828113556,1,1242,284,1309,347,No,,,,,
239,person,0.6668919324874878,42,517,272,571,420,No,,,,,
239,car,0.4964621663093567,52,1383,324,1436,361,No,,,,,
239,car,0.3305862247943878,55,1386,323,1444,368,No,,,,,
239,car,0.5935207009315491,65,1364,322,1398,357,No,,,,,
239,car,0.5365394353866577,66,1344,321,1384,353,No,,,,,
239,car,0.6137745380401611,82,1299,319,1345,351,No,,,,,
240,car,0.6680437326431274,41,1429,322,1508,380,No,,,,,
240,bus,0.17031008005142212,1,1242,286,1308,347,No,,,,,
240,person,0.6868292689323425,42,520,271,573,417,No,,,,,
240,car,0.4985494613647461,52,1383,324,1436,361,No,,,,,
240,car,0.3346805274486542,55,1386,323,1444,368,No,,,,,
240,car,0.5977169871330261,65,1364,322,1398,357,No,,,,,
240,car,0.5442221164703369,66,1344,321,1384,353,No,,,,,
240,car,0.6217474341392517,82,1299,319,1345,351,No,,,,,
241,car,0.6884286999702454,41,1429,322,1507,381,No,,,,,
241,bus,0.14301824569702148,1,1242,284,1307,346,No,,,,,
241,person,0.7456854581832886,42,524,270,576,417,No,,,,,
241,car,0.5301358103752136,52,1384,324,1436,361,No,,,,,
241,car,0.33751586079597473,55,1386,324,1444,368,No,,,,,
241,car,0.6237934827804565,65,1365,322,1399,357,No,,,,,
241,car,0.5660785436630249,66,1344,321,1383,353,No,,,,,
241,car,0.6406338810920715,82,1298,320,1346,351,No,,,,,
242,car,0.6907950043678284,41,1429,322,1507,381,No,,,,,
242,bus,0.18518461287021637,1,1242,277,1307,346,No,,,,,
242,person,0.7674387097358704,42,526,267,579,415,No,,,,,
242,car,0.5405927300453186,52,1384,324,1435,360,No,,,,,
242,car,0.33488228917121887,55,1387,324,1444,368,No,,,,,
242,car,0.6263467669487,65,1365,322,1399,357,No,,,,,
242,car,0.5741215348243713,66,1344,321,1382,353,No,,,,,
242,car,0.6483148336410522,82,1298,320,1346,350,No,,,,,
243,car,0.6887436509132385,41,1430,322,1508,382,No,,,,,
243,bus,0.2607240378856659,1,1242,276,1307,347,No,,,,,
243,person,0.7733731865882874,42,530,269,582,415,No,,,,,
243,car,0.5449854135513306,52,1384,324,1435,360,No,,,,,
243,car,0.3353249430656433,55,1387,324,1444,368,No,,,,,
243,car,0.6328865885734558,65,1366,322,1399,357,No,,,,,
243,car,0.5698276162147522,66,1344,321,1381,353,No,,,,,
243,car,0.6453731656074524,82,1298,319,1346,350,No,,,,,
244,car,0.6752470135688782,41,1430,322,1507,381,No,,,,,
244,bus,0.2973940074443817,1,1242,273,1307,347,No,,,,,
244,person,0.7770876288414001,42,532,267,583,415,No,,,,,
244,car,0.548721432685852,52,1385,324,1435,360,No,,,,,
244,car,0.34312695264816284,55,1387,324,1444,368,No,,,,,
244,car,0.6322934627532959,65,1366,322,1399,357,No,,,,,
244,car,0.566602885723114,66,1344,321,1381,353,No,,,,,
244,car,0.6486107110977173,82,1298,319,1346,350,No,,,,,
245,car,0.6698503494262695,41,1430,322,1507,380,No,,,,,
245,bus,0.2800835967063904,1,1241,272,1306,347,No,,,,,
245,person,0.7808938026428223,42,533,268,585,415,No,,,,,
245,car,0.5427797436714172,52,1384,324,1435,360,No,,,,,
245,car,0.3394261598587036,55,1387,323,1444,368,No,,,,,
245,car,0.6225893497467041,65,1366,322,1399,357,No,,,,,
245,car,0.5627744793891907,66,1344,321,1381,353,No,,,,,
245,car,0.6477499008178711,82,1298,320,1345,350,No,,,,,
246,car,0.6711252331733704,41,1431,322,1505,379,No,,,,,
246,bus,0.27782320976257324,1,1240,272,1307,347,No,,,,,
246,person,0.7667002081871033,42,533,271,589,414,No,,,,,
246,car,0.5263404250144958,52,1384,324,1435,360,None,0.2884310185909271,0,27,51,36
246,car,0.33371928334236145,55,1387,323,1444,369,None,0.5726917386054993,0,21,42,36
246,car,0.6174272894859314,65,1366,322,1399,357,No,,,,,
246,car,0.5522739291191101,66,1343,321,1381,353,No,,,,,
246,car,0.627648651599884,82,1298,320,1346,350,No,,,,,
247,car,0.6586093902587891,41,1431,322,1504,378,No,,,,,
247,bus,0.28256240487098694,1,1240,272,1308,347,No,,,,,
247,person,0.7105821371078491,42,534,274,592,413,No,,,,,
247,car,0.5304643511772156,52,1385,324,1436,361,No,,,,,
247,car,0.3392253816127777,55,1387,323,1444,369,No,,,,,
247,car,0.623100996017456,65,1366,322,1399,357,No,,,,,
247,car,0.5682871341705322,66,1344,321,1381,352,No,,,,,
247,car,0.6155402064323425,82,1298,319,1346,350,No,,,,,
248,car,0.6304800510406494,41,1431,322,1504,379,No,,,,,
248,bus,0.2406977117061615,1,1240,271,1309,347,No,,,,,
248,person,0.6948937177658081,42,536,273,592,413,No,,,,,
248,car,0.5268567800521851,52,1385,324,1435,361,No,,,,,
248,car,0.34282436966896057,55,1387,324,1444,369,No,,,,,
248,car,0.6153185963630676,65,1366,322,1399,357,No,,,,,
248,car,0.5552807450294495,66,1344,321,1381,353,No,,,,,
248,car,0.6081157922744751,82,1299,319,1346,350,No,,,,,
249,car,0.6143621802330017,41,1431,322,1503,379,No,,,,,
249,bus,0.2403682917356491,1,1240,273,1308,347,No,,,,,
249,person,0.7369219660758972,42,538,275,594,413,No,,,,,
249,car,0.5333058834075928,52,1385,324,1436,361,No,,,,,
249,car,0.34651127457618713,55,1387,324,1444,370,No,,,,,
249,car,0.6221358776092529,65,1366,322,1399,357,No,,,,,
249,car,0.54148268699646,66,1344,321,1381,353,No,,,,,
249,car,0.6190884113311768,82,1299,319,1345,350,No,,,,,
250,car,0.626152515411377,41,1431,322,1504,379,No,,,,,
250,bus,0.25768589973449707,1,1241,274,1307,347,No,,,,,
250,person,0.7374950647354126,42,542,275,595,412,No,,,,,
250,car,0.5351983308792114,52,1385,324,1435,361,No,,,,,
250,car,0.34880152344703674,55,1387,324,1444,370,No,,,,,
250,car,0.6240606307983398,65,1365,322,1399,357,No,,,,,
250,car,0.5520669221878052,66,1344,321,1381,353,No,,,,,
250,car,0.6183797121047974,82,1299,319,1345,350,No,,,,,
251,car,0.629262387752533,41,1431,322,1504,378,No,,,,,
251,bus,0.2351224422454834,1,1241,277,1307,347,No,,,,,
251,person,0.7352553009986877,42,544,275,596,410,No,,,,,
251,car,0.5303671360015869,52,1385,324,1435,361,No,,,,,
251,car,0.3432140350341797,55,1387,323,1444,370,No,,,,,
251,car,0.6161442399024963,65,1365,322,1398,357,No,,,,,
251,car,0.546412467956543,66,1344,321,1381,353,No,,,,,
251,car,0.6111936569213867,82,1298,319,1345,350,No,,,,,
252,car,0.6369436979293823,41,1432,322,1505,379,No,,,,,
252,bus,0.2486022263765335,1,1241,277,1307,347,No,,,,,
252,person,0.7418764233589172,42,548,274,597,409,No,,,,,
252,car,0.5385786890983582,52,1385,324,1436,361,No,,,,,
252,car,0.3596368730068207,55,1387,323,1444,370,No,,,,,
252,car,0.6241902112960815,65,1366,322,1399,357,No,,,,,
252,car,0.5524616241455078,66,1344,321,1380,352,No,,,,,
252,car,0.6144965291023254,82,1299,319,1345,349,No,,,,,
253,car,0.6636151075363159,41,1432,322,1505,378,No,,,,,
253,bus,0.2387537956237793,1,1242,277,1306,347,No,,,,,
253,person,0.7388759851455688,42,551,274,600,412,No,,,,,
253,car,0.5353589057922363,52,1385,324,1436,361,No,,,,,
253,car,0.34990209341049194,55,1387,323,1444,370,No,,,,,
253,car,0.6120778322219849,65,1366,322,1399,357,No,,,,,
253,car,0.5554806590080261,66,1344,321,1381,352,No,,,,,
253,car,0.5838638544082642,82,1300,319,1346,349,No,,,,,
253,car,0.31748226284980774,104,1504,313,1566,383,No,,,,,
254,car,0.6988933086395264,41,1431,322,1506,379,No,,,,,
254,bus,0.22331784665584564,1,1242,278,1305,347,No,,,,,
254,person,0.7424905896186829,42,553,271,602,414,No,,,,,
254,car,0.5389587879180908,52,1384,324,1435,361,No,,,,,
254,car,0.34965980052948,55,1387,323,1444,370,No,,,,,
254,car,0.6154966950416565,65,1366,322,1399,357,No,,,,,
254,car,0.5534569621086121,66,1344,321,1381,352,No,,,,,
254,car,0.5683804750442505,82,1300,319,1346,349,No,,,,,
254,car,0.32137972116470337,104,1504,313,1566,383,No,,,,,
255,car,0.7046672701835632,41,1431,322,1508,380,No,,,,,
255,bus,0.23613294959068298,1,1242,277,1304,347,No,,,,,
255,person,0.7871651649475098,42,556,272,605,411,No,,,,,
255,car,0.535995364189148,52,1384,324,1435,361,No,,,,,
255,car,0.3491143584251404,55,1387,323,1444,369,No,,,,,
255,car,0.6196444034576416,65,1365,322,1399,357,No,,,,,
255,car,0.5637657046318054,66,1344,321,1382,352,No,,,,,
255,car,0.5576872229576111,82,1301,319,1346,349,No,,,,,
255,car,0.33046844601631165,104,1505,313,1566,383,No,,,,,
256,car,0.7193759083747864,41,1431,322,1509,380,No,,,,,
256,bus,0.2539003789424896,1,1241,277,1304,347,No,,,,,
256,person,0.6793462634086609,42,557,274,606,412,No,,,,,
256,car,0.5351990461349487,52,1384,324,1435,360,No,,,,,
256,car,0.3426310122013092,55,1386,323,1444,369,No,,,,,
256,car,0.6197439432144165,65,1365,322,1399,356,No,,,,,
256,car,0.5613829493522644,66,1344,321,1382,352,No,,,,,
256,car,0.5496521592140198,82,1301,319,1346,349,No,,,,,
256,car,0.31426873803138733,104,1506,313,1566,383,No,,,,,
257,car,0.730269730091095,41,1431,322,1510,380,No,,,,,
257,bus,0.23665699362754822,1,1241,277,1303,347,No,,,,,
257,person,0.5093549489974976,42,560,275,606,411,No,,,,,
257,car,0.5317332148551941,52,1384,324,1435,360,No,,,,,
257,car,0.3409665524959564,55,1386,323,1444,369,No,,,,,
257,car,0.6137227416038513,65,1365,322,1399,356,No,,,,,
257,car,0.5699977874755859,66,1344,321,1382,352,No,,,,,
257,car,0.5467620491981506,82,1301,319,1346,349,No,,,,,
257,car,0.3011472523212433,104,1506,313,1566,383,No,,,,,
258,car,0.7354815006256104,41,1431,322,1510,380,No,,,,,
258,bus,0.23474329710006714,1,1241,277,1303,347,No,,,,,
258,person,0.11551010608673096,42,564,278,608,410,No,,,,,
258,car,0.5280072093009949,52,1384,324,1435,360,No,,,,,
258,car,0.34293290972709656,55,1386,323,1444,369,No,,,,,
258,car,0.6176842451095581,65,1365,322,1399,356,No,,,,,
258,car,0.5713083744049072,66,1344,321,1382,352,No,,,,,
258,car,0.5446455478668213,82,1301,319,1346,349,No,,,,,
258,car,0.294066458940506,104,1507,313,1566,384,No,,,,,
259,car,0.7268105149269104,41,1431,323,1510,380,No,,,,,
259,bus,0.2521417438983917,1,1241,277,1303,346,No,,,,,
259,person,0.13694043457508087,42,566,279,610,408,No,,,,,
259,car,0.5274560451507568,52,1384,324,1435,361,No,,,,,
259,car,0.34744152426719666,55,1386,324,1444,370,No,,,,,
259,car,0.609214723110199,65,1366,322,1399,356,No,,,,,
259,car,0.572067141532898,66,1344,321,1382,351,No,,,,,
259,car,0.5564188957214355,82,1301,319,1346,348,No,,,,,
259,car,0.2975985109806061,104,1507,313,1566,384,No,,,,,
260,car,0.7187787294387817,41,1431,323,1510,380,No,,,,,
260,bus,0.2640085518360138,1,1240,277,1303,346,No,,,,,
260,person,0.1809593290090561,42,568,280,612,411,No,,,,,
260,car,0.526038408279419,52,1383,324,1436,361,No,,,,,
260,car,0.3549851179122925,55,1386,323,1445,369,No,,,,,
260,car,0.6083509922027588,65,1366,322,1399,356,No,,,,,
260,car,0.5718716382980347,66,1343,321,1383,352,No,,,,,
260,car,0.5764989256858826,82,1301,318,1346,348,No,,,,,
260,car,0.30734744668006897,104,1507,313,1566,383,No,,,,,
261,car,0.7244160175323486,41,1431,323,1511,379,No,,,,,
261,bus,0.27587437629699707,1,1239,277,1303,346,No,,,,,
261,car,0.542056143283844,52,1384,324,1435,360,No,,,,,
261,car,0.3642749488353729,55,1386,323,1444,368,No,,,,,
261,car,0.6233566999435425,65,1366,322,1398,356,No,,,,,
261,car,0.5933971405029297,66,1343,321,1383,351,No,,,,,
261,car,0.5763726830482483,82,1301,318,1346,348,No,,,,,
261,car,0.29264405369758606,104,1507,313,1566,383,No,,,,,
262,car,0.7209407687187195,41,1431,323,1510,379,No,,,,,
262,bus,0.2875424921512604,1,1240,277,1303,346,No,,,,,
262,car,0.5415061712265015,52,1384,324,1434,360,No,,,,,
262,car,0.366036057472229,55,1387,323,1444,368,No,,,,,
262,car,0.6261824369430542,65,1365,322,1398,356,No,,,,,
262,car,0.6031491756439209,66,1343,321,1384,352,No,,,,,
262,car,0.5935758948326111,82,1300,318,1346,348,No,,,,,
262,car,0.27642741799354553,104,1507,313,1567,383,No,,,,,
262,person,0.5649013519287109,42,569,280,617,411,No,,,,,
263,car,0.730736494064331,41,1431,323,1510,379,No,,,,,
263,bus,0.28221917152404785,1,1240,277,1303,345,No,,,,,
263,car,0.5393855571746826,52,1384,324,1434,360,No,,,,,
263,car,0.3584907650947571,55,1387,323,1444,368,No,,,,,
263,car,0.6218582391738892,65,1365,322,1398,356,No,,,,,
263,car,0.5963036417961121,66,1343,321,1384,352,No,,,,,
263,car,0.6007388234138489,82,1300,318,1346,348,No,,,,,
263,car,0.2673446536064148,104,1507,313,1567,383,No,,,,,
263,person,0.442294180393219,42,569,280,618,410,No,,,,,
264,car,0.7054361701011658,41,1431,323,1509,379,No,,,,,
264,bus,0.2619737386703491,1,1241,277,1303,345,No,,,,,
264,car,0.5407012701034546,52,1384,324,1434,360,No,,,,,
264,car,0.3701208829879761,55,1387,324,1444,368,No,,,,,
264,car,0.6231578588485718,65,1365,322,1398,356,No,,,,,
264,car,0.598074734210968,66,1343,321,1384,352,No,,,,,
264,car,0.597015380859375,82,1299,318,1346,348,No,,,,,
264,car,0.2770985960960388,104,1506,313,1567,383,No,,,,,
264,person,0.6781564950942993,42,571,279,620,410,No,,,,,
265,car,0.663642168045044,41,1430,323,1508,379,No,,,,,
265,bus,0.20347170531749725,1,1242,278,1302,345,No,,,,,
265,car,0.5284609198570251,52,1384,324,1434,360,No,,,,,
265,car,0.3650074303150177,55,1387,324,1444,368,No,,,,,
265,car,0.5652649998664856,65,1367,322,1399,357,No,,,,,
265,car,0.5838981866836548,66,1343,321,1384,352,No,,,,,
265,car,0.5673156380653381,82,1299,318,1345,348,No,,,,,
265,car,0.22995950281620026,104,1506,313,1567,383,No,,,,,
265,person,0.7070950269699097,42,574,277,621,411,No,,,,,
266,car,0.6512437462806702,41,1430,323,1506,379,No,,,,,
266,bus,0.20432934165000916,1,1243,278,1302,345,No,,,,,
266,car,0.5289447903633118,52,1383,324,1434,361,No,,,,,
266,car,0.3700486421585083,55,1387,323,1444,368,No,,,,,
266,car,0.5592336058616638,65,1368,322,1399,357,No,,,,,
266,car,0.5847658514976501,66,1343,321,1383,352,No,,,,,
266,car,0.5722554922103882,82,1299,318,1345,348,No,,,,,
266,car,0.24770988523960114,104,1505,313,1567,383,No,,,,,
266,person,0.7163639664649963,42,576,276,622,413,No,,,,,
267,car,0.6373829245567322,41,1430,323,1505,379,No,,,,,
267,bus,0.20782341063022614,1,1244,282,1301,345,No,,,,,
267,car,0.5272067189216614,52,1383,324,1434,361,No,,,,,
267,car,0.35488247871398926,55,1387,323,1444,368,No,,,,,
267,car,0.5580689311027527,65,1368,322,1399,357,No,,,,,
267,car,0.5736592411994934,66,1343,321,1383,352,No,,,,,
267,car,0.5690064430236816,82,1299,318,1344,348,No,,,,,
267,car,0.26935243606567383,104,1505,313,1566,383,No,,,,,
267,person,0.5627619028091431,42,577,278,625,410,No,,,,,
268,car,0.5851277709007263,41,1429,323,1504,378,No,,,,,
268,bus,0.1961868554353714,1,1243,288,1301,345,No,,,,,
268,car,0.5202835202217102,52,1384,324,1435,361,No,,,,,
268,car,0.3645375967025757,55,1387,324,1444,369,No,,,,,
268,car,0.5644626617431641,65,1368,322,1399,357,No,,,,,
268,car,0.5520673990249634,66,1343,321,1382,352,No,,,,,
268,car,0.5405125021934509,82,1299,319,1344,348,No,,,,,
268,car,0.2671603262424469,104,1504,313,1566,383,No,,,,,
268,person,0.2528885006904602,42,581,280,625,407,No,,,,,
269,car,0.5772305130958557,41,1429,324,1501,378,No,,,,,
269,bus,0.1762537658214569,1,1243,290,1301,345,No,,,,,
269,car,0.5223119258880615,52,1384,324,1435,361,No,,,,,
269,car,0.37563154101371765,55,1387,324,1444,369,No,,,,,
269,car,0.5497671365737915,65,1368,322,1399,357,No,,,,,
269,car,0.5549495816230774,66,1343,321,1383,352,No,,,,,
269,car,0.5205586552619934,82,1299,319,1344,348,No,,,,,
269,car,0.26743507385253906,104,1504,313,1566,383,No,,,,,
269,person,0.6843676567077637,42,583,276,626,408,No,,,,,
270,car,0.5719041228294373,41,1429,324,1499,378,No,,,,,
270,bus,0.19704264402389526,1,1243,299,1300,345,No,,,,,
270,car,0.5275900959968567,52,1383,324,1435,361,No,,,,,
270,car,0.3621315062046051,55,1387,324,1444,369,No,,,,,
270,car,0.5601502060890198,65,1368,322,1400,357,No,,,,,
270,car,0.5495154857635498,66,1343,321,1383,352,No,,,,,
270,car,0.5220948457717896,82,1299,319,1345,348,No,,,,,
270,car,0.27207159996032715,104,1504,313,1566,383,No,,,,,
270,person,0.7384532690048218,42,585,275,628,409,No,,,,,
271,car,0.5644937753677368,41,1429,324,1497,378,No,,,,,
271,bus,0.16621772944927216,1,1245,305,1301,347,No,,,,,
271,car,0.5283824801445007,52,1384,324,1435,361,No,,,,,
271,car,0.3538227379322052,55,1387,323,1443,369,No,,,,,
271,car,0.5673952698707581,65,1367,322,1400,357,No,,,,,
271,car,0.5568434596061707,66,1343,321,1381,352,No,,,,,
271,car,0.5362972617149353,82,1299,319,1345,348,No,,,,,
271,car,0.2751303017139435,104,1504,313,1566,383,No,,,,,
271,person,0.6376264095306396,42,586,277,630,408,No,,,,,
272,car,0.5760648250579834,41,1430,323,1501,378,No,,,,,
272,bus,0.2306908518075943,1,1245,304,1301,346,No,,,,,
272,car,0.5256698727607727,52,1384,324,1434,361,No,,,,,
272,car,0.3504294157028198,55,1387,323,1443,370,No,,,,,
272,car,0.5649521350860596,65,1367,322,1400,357,No,,,,,
272,car,0.5494127869606018,66,1343,321,1382,352,No,,,,,
272,car,0.5370115041732788,82,1299,320,1345,348,No,,,,,
272,car,0.2803442180156708,104,1503,313,1566,383,No,,,,,
272,person,0.12659898400306702,42,589,279,631,402,No,,,,,
273,car,0.572586715221405,41,1429,324,1499,378,No,,,,,
273,bus,0.2487201988697052,1,1245,302,1301,346,No,,,,,
273,car,0.5324270129203796,52,1384,324,1434,361,No,,,,,
273,car,0.36518558859825134,55,1387,323,1443,369,No,,,,,
273,car,0.5776742696762085,65,1367,322,1400,357,No,,,,,
273,car,0.5621523261070251,66,1343,321,1381,352,No,,,,,
273,car,0.5564372539520264,82,1299,320,1345,348,No,,,,,
273,car,0.28379204869270325,104,1503,313,1566,383,No,,,,,
273,person,0.33656612038612366,42,591,279,632,401,No,,,,,
274,car,0.5638349056243896,41,1429,324,1499,378,No,,,,,
274,bus,0.24953921139240265,1,1244,288,1301,346,No,,,,,
274,car,0.5291507840156555,52,1384,324,1435,361,No,,,,,
274,car,0.378728985786438,55,1387,323,1443,369,No,,,,,
274,car,0.5869083404541016,65,1367,322,1400,357,No,,,,,
274,car,0.5766308903694153,66,1343,321,1383,352,No,,,,,
274,car,0.5702831745147705,82,1299,319,1344,348,No,,,,,
274,car,0.2651462256908417,104,1503,313,1566,383,No,,,,,
274,person,0.3378450572490692,42,592,281,635,401,No,,,,,
275,car,0.5649274587631226,41,1429,323,1501,379,No,,,,,
275,bus,0.27844932675361633,1,1244,282,1301,346,No,,,,,
275,car,0.532475471496582,52,1384,324,1435,361,No,,,,,
275,car,0.38761359453201294,55,1387,323,1443,369,No,,,,,
275,car,0.5856767892837524,65,1367,322,1400,357,No,,,,,
275,car,0.5776859521865845,66,1343,321,1382,352,No,,,,,
275,car,0.580528974533081,82,1299,319,1344,348,No,,,,,
275,car,0.24688197672367096,104,1503,313,1566,383,No,,,,,
275,person,0.4122774600982666,42,594,281,637,401,No,,,,,
275,car,0.31680360436439514,108,1395,324,1456,374,No,,,,,
276,car,0.5785539746284485,41,1429,323,1502,379,No,,,,,
276,bus,0.31949716806411743,1,1243,280,1302,346,No,,,,,
276,car,0.5357185006141663,52,1384,324,1435,360,No,,,,,
276,car,0.39451688528060913,55,1387,323,1443,369,No,,,,,
276,car,0.5918974280357361,65,1366,322,1400,357,No,,,,,
276,car,0.576022207736969,66,1343,321,1382,352,No,,,,,
276,car,0.5817254781723022,82,1299,319,1344,348,No,,,,,
276,car,0.24929802119731903,104,1503,313,1566,383,No,,,,,
276,person,0.4204121530056,42,596,281,639,401,No,,,,,
276,car,0.3048872649669647,108,1394,324,1452,374,No,,,,,
277,car,0.5574559569358826,41,1429,323,1503,379,No,,,,,
277,bus,0.3317149877548218,1,1243,280,1302,346,No,,,,,
277,car,0.5417277812957764,52,1384,324,1435,360,No,,,,,
277,car,0.39778441190719604,55,1386,323,1443,369,No,,,,,
277,car,0.596630334854126,65,1365,322,1399,357,No,,,,,
277,car,0.5841995477676392,66,1343,321,1383,352,No,,,,,
277,car,0.5916329026222229,82,1299,319,1344,348,No,,,,,
277,car,0.24748922884464264,104,1503,313,1566,383,No,,,,,
277,person,0.5687422752380371,42,597,281,641,401,No,,,,,
278,car,0.5345135927200317,41,1428,323,1504,379,No,,,,,
278,bus,0.31465858221054077,1,1244,280,1302,346,No,,,,,
278,car,0.527789294719696,52,1384,324,1435,360,No,,,,,
278,car,0.386346697807312,55,1387,324,1444,369,No,,,,,
278,car,0.5957798957824707,65,1365,322,1400,357,No,,,,,
278,car,0.5571637153625488,66,1343,320,1381,352,No,,,,,
278,car,0.5893934965133667,82,1299,319,1344,348,No,,,,,
278,car,0.26325762271881104,104,1503,313,1566,384,No,,,,,
278,person,0.6912027597427368,42,599,277,644,403,No,,,,,
278,person,0.5284580588340759,109,0,275,51,508,No,,,,,
278,car,0.29011452198028564,108,1394,324,1451,374,No,,,,,
279,car,0.5453613996505737,41,1428,323,1504,379,No,,,,,
279,bus,0.2952251732349396,1,1244,281,1302,346,No,,,,,
279,car,0.5199664831161499,52,1384,324,1435,360,No,,,,,
279,car,0.38569411635398865,55,1387,324,1444,369,No,,,,,
279,car,0.5864319801330566,65,1365,322,1400,357,No,,,,,
279,car,0.5487766861915588,66,1342,320,1381,352,No,,,,,
279,car,0.5952738523483276,82,1299,319,1345,348,No,,,,,
279,car,0.260364294052124,104,1503,313,1566,384,No,,,,,
279,person,0.5386382937431335,42,602,278,647,403,No,,,,,
279,person,0.6746348142623901,109,0,296,52,509,No,,,,,
280,car,0.5408864617347717,41,1428,323,1505,380,No,,,,,
280,bus,0.2709343433380127,1,1244,282,1302,346,No,,,,,
280,car,0.5118705034255981,52,1384,325,1435,361,No,,,,,
280,car,0.3985063433647156,55,1386,324,1444,370,No,,,,,
280,car,0.5915296673774719,65,1365,322,1400,357,No,,,,,
280,car,0.5489245057106018,66,1343,321,1381,352,No,,,,,
280,car,0.5805736184120178,82,1299,319,1345,348,No,,,,,
280,car,0.2526238262653351,104,1503,313,1565,384,No,,,,,
280,person,0.5785878896713257,42,602,278,649,403,No,,,,,
280,person,0.7763715386390686,109,0,297,53,508,No,,,,,
281,car,0.5365616679191589,41,1428,323,1506,381,No,,,,,
281,bus,0.26474690437316895,1,1244,283,1302,346,No,,,,,
281,car,0.5054595470428467,52,1384,325,1435,361,No,,,,,
281,car,0.3925774097442627,55,1386,324,1444,369,No,,,,,
281,car,0.592496931552887,65,1365,322,1400,357,No,,,,,
281,car,0.5368965268135071,66,1343,321,1380,352,No,,,,,
281,car,0.5753958225250244,82,1299,319,1345,348,No,,,,,
281,car,0.25667765736579895,104,1503,313,1565,384,No,,,,,
281,person,0.7175244092941284,42,604,276,653,401,No,,,,,
281,person,0.5600665807723999,109,0,289,53,508,No,,,,,
282,car,0.49635058641433716,41,1427,323,1506,380,No,,,,,
282,bus,0.23222680389881134,1,1244,285,1302,346,No,,,,,
282,car,0.49891161918640137,52,1384,325,1435,361,No,,,,,
282,car,0.39434605836868286,55,1386,324,1444,370,No,,,,,
282,car,0.5840725898742676,65,1365,322,1400,357,No,,,,,
282,car,0.5311355590820312,66,1343,321,1381,352,No,,,,,
282,car,0.5663049817085266,82,1299,319,1345,348,No,,,,,
282,car,0.24035955965518951,104,1503,313,1565,384,No,,,,,
282,person,0.6846455931663513,42,606,278,654,401,No,,,,,
282,person,0.7641447186470032,109,0,286,55,508,No,,,,,
283,car,0.4908686876296997,41,1427,323,1506,381,No,,,,,
283,bus,0.22223906219005585,1,1243,287,1302,346,No,,,,,
283,car,0.507541298866272,52,1384,325,1435,361,No,,,,,
283,car,0.4036501944065094,55,1386,324,1444,370,No,,,,,
283,car,0.5730860829353333,65,1365,322,1400,357,No,,,,,
283,car,0.5155375003814697,66,1343,321,1381,352,No,,,,,
283,car,0.5509747266769409,82,1299,319,1345,348,No,,,,,
283,car,0.24122080206871033,104,1503,313,1565,384,No,,,,,
283,person,0.7385085821151733,42,608,273,655,402,No,,,,,
283,person,0.811886727809906,109,0,272,58,508,No,,,,,
284,car,0.5004794597625732,41,1427,323,1507,381,No,,,,,
284,bus,0.21715085208415985,1,1243,287,1302,347,No,,,,,
284,car,0.513016402721405,52,1384,325,1435,361,No,,,,,
284,car,0.4089506268501282,55,1386,323,1445,370,No,,,,,
284,car,0.5696123242378235,65,1366,322,1399,357,No,,,,,
284,car,0.5257333517074585,66,1343,321,1382,352,No,,,,,
284,car,0.5420334339141846,82,1299,319,1345,348,No,,,,,
284,car,0.26121219992637634,104,1504,313,1565,384,No,,,,,
284,person,0.7337700724601746,42,610,268,659,402,No,,,,,
284,person,0.839049756526947,109,0,250,59,508,No,,,,,
285,car,0.4957359731197357,41,1427,323,1507,380,No,,,,,
285,bus,0.1964065134525299,1,1243,289,1302,347,No,,,,,
285,car,0.5117557048797607,52,1384,325,1435,361,No,,,,,
285,car,0.4114842712879181,55,1387,324,1445,370,No,,,,,
285,car,0.5778634548187256,65,1366,322,1400,357,No,,,,,
285,car,0.5209937691688538,66,1343,321,1382,352,No,,,,,
285,car,0.5480657815933228,82,1299,319,1345,348,No,,,,,
285,car,0.25639280676841736,104,1504,313,1565,383,No,,,,,
285,person,0.7013071179389954,42,612,268,659,401,No,,,,,
285,person,0.8226920962333679,109,0,240,62,508,No,,,,,
286,car,0.4733181893825531,41,1427,324,1507,380,No,,,,,
286,bus,0.16083605587482452,1,1243,300,1301,347,No,,,,,
286,car,0.504228949546814,52,1384,325,1435,361,No,,,,,
286,car,0.40567266941070557,55,1387,324,1445,370,No,,,,,
286,car,0.5604619383811951,65,1366,322,1400,357,No,,,,,
286,car,0.4918639659881592,66,1343,321,1382,352,No,,,,,
286,car,0.5455018281936646,82,1299,319,1345,348,No,,,,,
286,car,0.2563062608242035,104,1504,313,1565,383,No,,,,,
286,person,0.685818612575531,42,614,268,662,398,No,,,,,
286,person,0.7915967702865601,109,0,234,64,507,No,,,,,
286,car,0.4077930152416229,110,1429,324,1485,377,No,,,,,
287,car,0.41812485456466675,41,1428,323,1508,379,No,,,,,
287,bus,0.16649599373340607,1,1243,294,1302,347,No,,,,,
287,car,0.5096426010131836,52,1384,325,1435,361,No,,,,,
287,car,0.40128079056739807,55,1387,324,1445,370,No,,,,,
287,car,0.5607718229293823,65,1367,322,1400,357,No,,,,,
287,car,0.4931003749370575,66,1343,321,1382,352,No,,,,,
287,car,0.5528771281242371,82,1299,319,1345,349,No,,,,,
287,car,0.2545652389526367,104,1503,313,1565,383,No,,,,,
287,person,0.658204972743988,42,616,270,663,398,No,,,,,
287,person,0.8271667957305908,109,0,234,68,507,No,,,,,
287,car,0.4906980097293854,110,1429,325,1487,377,No,,,,,
288,car,0.4463815689086914,41,1428,324,1507,379,No,,,,,
288,bus,0.18051458895206451,1,1243,294,1302,347,No,,,,,
288,car,0.5142359137535095,52,1384,325,1435,361,No,,,,,
288,car,0.41693413257598877,55,1387,324,1446,370,No,,,,,
288,car,0.5658025741577148,65,1367,322,1399,357,No,,,,,
288,car,0.49895569682121277,66,1343,321,1384,352,No,,,,,
288,car,0.5552178621292114,82,1300,319,1345,349,No,,,,,
288,car,0.26437488198280334,104,1503,313,1565,383,No,,,,,
288,person,0.6892298460006714,42,617,271,664,397,No,,,,,
288,person,0.8175995945930481,109,0,235,73,507,No,,,,,
288,car,0.4600190818309784,110,1429,325,1483,377,No,,,,,
289,car,0.43706637620925903,41,1429,324,1508,378,No,,,,,
289,bus,0.202555313706398,1,1244,298,1301,347,No,,,,,
289,car,0.5386123061180115,52,1384,324,1435,361,No,,,,,
289,car,0.4418545663356781,55,1386,324,1445,370,No,,,,,
289,car,0.5654965043067932,65,1367,322,1399,357,No,,,,,
289,car,0.4574086666107178,66,1344,321,1382,352,No,,,,,
289,car,0.5861978530883789,82,1300,319,1345,349,No,,,,,
289,car,0.24611623585224152,104,1503,313,1565,383,No,,,,,
289,person,0.7037373781204224,42,618,271,665,398,No,,,,,
289,person,0.8233411312103271,109,0,236,78,506,No,,,,,
289,car,0.43267589807510376,110,1429,325,1480,377,No,,,,,
290,car,0.4193134903907776,41,1429,323,1508,378,No,,,,,
290,bus,0.1915978491306305,1,1244,300,1301,346,No,,,,,
290,car,0.5350345969200134,52,1384,324,1435,361,No,,,,,
290,car,0.44033083319664,55,1386,323,1444,370,No,,,,,
290,car,0.5546384453773499,65,1368,322,1398,357,No,,,,,
290,car,0.4591083228588104,66,1344,321,1381,352,No,,,,,
290,car,0.5829652547836304,82,1300,319,1344,349,No,,,,,
290,car,0.232856884598732,104,1503,313,1566,383,No,,,,,
290,person,0.7127601504325867,42,619,273,665,399,No,,,,,
290,person,0.818205714225769,109,0,238,87,505,No,,,,,
290,car,0.4242887496948242,110,1429,325,1478,377,No,,,,,
291,car,0.3988583981990814,41,1429,324,1508,379,No,,,,,
291,bus,0.19079482555389404,1,1244,306,1301,346,No,,,,,
291,car,0.5328807234764099,52,1384,324,1434,361,No,,,,,
291,car,0.4446497857570648,55,1386,323,1444,369,No,,,,,
291,car,0.5535305142402649,65,1368,322,1398,357,No,,,,,
291,car,0.4556456506252289,66,1343,321,1380,352,No,,,,,
291,car,0.5950038433074951,82,1300,319,1344,349,No,,,,,
291,car,0.2153552621603012,104,1503,313,1565,383,No,,,,,
291,person,0.6787366271018982,42,619,275,665,399,No,,,,,
291,person,0.8218302726745605,109,2,238,95,504,No,,,,,
291,car,0.4290274977684021,110,1429,325,1479,377,No,,,,,
292,car,0.41063347458839417,41,1430,324,1507,379,No,,,,,
292,bus,0.2008293867111206,1,1244,306,1301,346,No,,,,,
292,car,0.5258619785308838,52,1383,324,1435,361,No,,,,,
292,car,0.4452325105667114,55,1386,324,1444,369,No,,,,,
292,car,0.5509850978851318,65,1368,322,1399,357,No,,,,,
292,car,0.4555456042289734,66,1343,321,1379,352,No,,,,,
292,car,0.5954870581626892,82,1300,319,1344,349,No,,,,,
292,car,0.21293234825134277,104,1503,313,1565,383,No,,,,,
292,person,0.7576974034309387,42,621,276,667,400,No,,,,,
292,person,0.7776513695716858,109,4,241,100,502,No,,,,,
292,car,0.4405604600906372,110,1428,325,1482,377,No,,,,,
293,car,0.4343371093273163,41,1430,324,1507,378,No,,,,,
293,bus,0.19346146285533905,1,1244,305,1301,346,No,,,,,
293,car,0.5281080007553101,52,1384,324,1435,361,No,,,,,
293,car,0.44223636388778687,55,1386,323,1444,369,No,,,,,
293,car,0.570188045501709,65,1368,322,1399,357,No,,,,,
293,car,0.4658660590648651,66,1343,321,1380,352,No,,,,,
293,car,0.6025175452232361,82,1300,319,1344,349,No,,,,,
293,car,0.2167493849992752,104,1502,313,1565,383,No,,,,,
293,person,0.6829502582550049,42,622,278,668,401,No,,,,,
293,person,0.8403956890106201,109,6,241,105,502,No,,,,,
293,car,0.46049049496650696,110,1428,325,1485,377,No,,,,,
294,car,0.45626142621040344,41,1430,324,1508,378,No,,,,,
294,bus,0.2018711268901825,1,1245,305,1301,346,No,,,,,
294,car,0.5304502844810486,52,1383,324,1435,361,No,,,,,
294,car,0.44403547048568726,55,1386,324,1444,369,No,,,,,
294,car,0.5594379305839539,65,1368,322,1399,357,No,,,,,
294,car,0.4756878614425659,66,1343,321,1379,352,No,,,,,
294,car,0.604250967502594,82,1300,319,1344,349,No,,,,,
294,car,0.21856477856636047,104,1502,313,1566,383,No,,,,,
294,person,0.6735987663269043,42,624,277,668,401,No,,,,,
294,person,0.8382242321968079,109,7,240,109,502,No,,,,,
294,car,0.43843790888786316,110,1429,325,1484,377,No,,,,,
295,car,0.4928100109100342,41,1431,324,1509,378,No,,,,,
295,bus,0.2132865935564041,1,1245,300,1301,346,No,,,,,
295,car,0.5343438982963562,52,1383,324,1435,361,No,,,,,
295,car,0.4371377229690552,55,1386,324,1444,370,No,,,,,
295,car,0.5634258389472961,65,1369,322,1399,357,No,,,,,
295,car,0.4705263674259186,66,1343,320,1378,352,No,,,,,
295,car,0.6091538667678833,82,1300,319,1344,348,No,,,,,
295,car,0.2243877351284027,104,1503,313,1566,383,No,,,,,
295,person,0.6947387456893921,42,624,277,670,398,No,,,,,
295,person,0.8197652697563171,109,5,239,113,501,No,,,,,
295,car,0.4219023287296295,110,1429,325,1484,377,No,,,,,
296,car,0.47789251804351807,41,1431,324,1509,379,No,,,,,
296,bus,0.1986262947320938,1,1245,296,1302,346,No,,,,,
296,car,0.5253303050994873,52,1383,324,1435,361,No,,,,,
296,car,0.4373041093349457,55,1386,324,1444,370,No,,,,,
296,car,0.5639678835868835,65,1369,322,1399,357,No,,,,,
296,car,0.4715419113636017,66,1343,320,1379,352,No,,,,,
296,car,0.6166439056396484,82,1300,319,1344,348,No,,,,,
296,car,0.21656328439712524,104,1503,313,1566,383,No,,,,,
296,person,0.7145364284515381,42,624,278,672,398,No,,,,,
296,person,0.8111568689346313,109,9,238,114,500,No,,,,,
296,car,0.42125019431114197,110,1429,325,1486,377,No,,,,,
297,car,0.4855136573314667,41,1431,324,1510,379,No,,,,,
297,bus,0.20365168154239655,1,1244,293,1302,346,No,,,,,
297,car,0.537379264831543,52,1383,324,1435,361,No,,,,,
297,car,0.44815316796302795,55,1386,324,1444,370,No,,,,,
297,car,0.5654426217079163,65,1369,322,1399,357,No,,,,,
297,car,0.4782361388206482,66,1343,320,1378,352,No,,,,,
297,car,0.6187728047370911,82,1300,319,1344,348,No,,,,,
297,car,0.22495070099830627,104,1503,313,1566,383,No,,,,,
297,person,0.6468916535377502,42,624,278,674,398,No,,,,,
297,person,0.8416182994842529,109,3,239,118,498,No,,,,,
297,car,0.42323988676071167,110,1429,325,1487,377,No,,,,,
298,car,0.4590661823749542,41,1431,324,1510,379,No,,,,,
298,bus,0.19369906187057495,1,1245,294,1302,346,No,,,,,
298,car,0.5302419662475586,52,1383,324,1434,361,No,,,,,
298,car,0.4296779930591583,55,1386,324,1445,370,No,,,,,
298,car,0.5649216175079346,65,1369,322,1399,357,No,,,,,
298,car,0.48649781942367554,66,1343,320,1379,352,No,,,,,
298,car,0.6138952374458313,82,1300,319,1344,348,No,,,,,
298,car,0.21093054115772247,104,1502,313,1566,383,No,,,,,
298,person,0.7038960456848145,42,624,275,677,400,No,,,,,
298,person,0.7956572771072388,109,1,239,123,495,No,,,,,
298,car,0.4279555380344391,110,1429,325,1487,377,No,,,,,
299,car,0.4121525287628174,41,1431,324,1510,379,No,,,,,
299,bus,0.10596057772636414,1,1245,291,1302,347,No,,,,,
299,car,0.5310326814651489,52,1383,324,1434,361,No,,,,,
299,car,0.43973276019096375,55,1386,324,1445,370,No,,,,,
299,car,0.5721082091331482,65,1369,322,1399,357,No,,,,,
299,car,0.485172301530838,66,1343,320,1378,351,No,,,,,
299,car,0.6031169295310974,82,1300,319,1344,348,No,,,,,
299,car,0.20944079756736755,104,1502,313,1566,383,No,,,,,
299,person,0.6298873424530029,42,624,273,679,398,No,,,,,
299,person,0.7910518646240234,109,3,240,126,494,No,,,,,
299,car,0.42403602600097656,110,1429,325,1485,377,No,,,,,
300,car,0.43526801466941833,41,1431,324,1509,379,No,,,,,
300,bus,0.10436031222343445,1,1244,291,1302,348,No,,,,,
300,car,0.5333801507949829,52,1383,324,1434,361,No,,,,,
300,car,0.43572798371315,55,1386,324,1444,370,No,,,,,
300,car,0.5709554553031921,65,1369,322,1399,357,No,,,,,
300,car,0.4865158796310425,66,1343,320,1377,351,No,,,,,
300,car,0.5972486734390259,82,1301,319,1344,348,No,,,,,
300,car,0.21735845506191254,104,1502,313,1566,383,No,,,,,
300,person,0.6651590466499329,42,625,272,680,397,No,,,,,
300,person,0.7262290120124817,109,8,238,130,492,No,,,,,
300,car,0.43113645911216736,110,1429,325,1485,377,No,,,,,
301,car,0.42131951451301575,41,1430,324,1509,378,No,,,,,
301,bus,0.16305021941661835,1,1243,304,1299,347,No,,,,,
301,car,0.5289271473884583,52,1383,325,1434,361,No,,,,,
301,car,0.41349196434020996,55,1386,324,1445,370,No,,,,,
301,car,0.5645793676376343,65,1369,323,1399,357,No,,,,,
301,car,0.5057656764984131,66,1343,321,1380,352,No,,,,,
301,car,0.5914886593818665,82,1301,319,1344,348,No,,,,,
301,car,0.22853058576583862,104,1502,313,1565,383,No,,,,,
301,person,0.5980015397071838,42,632,274,680,396,No,,,,,
301,person,0.6575012803077698,109,13,241,131,491,No,,,,,
301,car,0.42170482873916626,110,1429,325,1484,377,No,,,,,
301,person,0.46035489439964294,117,16,250,97,492,No,,,,,
302,car,0.39246895909309387,41,1429,324,1510,379,No,,,,,
302,bus,0.1417066752910614,1,1244,309,1298,346,No,,,,,
302,car,0.5359070897102356,52,1383,325,1434,361,No,,,,,
302,car,0.4146842658519745,55,1386,324,1445,369,No,,,,,
302,car,0.5669391751289368,65,1369,323,1399,357,No,,,,,
302,car,0.5005209445953369,66,1343,321,1380,352,No,,,,,
302,car,0.594147264957428,82,1302,319,1344,348,No,,,,,
302,car,0.228854238986969,104,1501,313,1565,383,No,,,,,
302,person,0.48489680886268616,42,636,278,680,395,No,,,,,
302,person,0.6392667293548584,109,18,244,133,490,No,,,,,
302,car,0.4378584623336792,110,1429,325,1487,377,No,,,,,
302,person,0.492422491312027,117,21,248,101,488,No,,,,,
302,person,0.48511451482772827,119,60,247,148,496,No,,,,,
303,car,0.49375399947166443,41,1430,324,1509,379,No,,,,,
303,bus,0.14497463405132294,1,1245,307,1299,346,No,,,,,
303,car,0.5334886312484741,52,1383,325,1435,361,No,,,,,
303,car,0.41316866874694824,55,1386,324,1445,370,No,,,,,
303,car,0.5593673586845398,65,1369,323,1400,357,No,,,,,
303,car,0.5236780047416687,66,1343,321,1381,352,No,,,,,
303,car,0.594199001789093,82,1302,319,1345,348,No,,,,,
303,car,0.2663405239582062,104,1500,314,1565,383,No,,,,,
303,person,0.5914880037307739,42,638,279,681,395,No,,,,,
303,person,0.5137839913368225,109,28,244,129,493,No,,,,,
303,car,0.3592773973941803,110,1430,325,1487,377,No,,,,,
303,person,0.40220361948013306,117,28,246,101,490,No,,,,,
303,person,0.6189735531806946,119,61,245,159,495,No,,,,,
304,car,0.5021367073059082,41,1430,324,1509,379,No,,,,,
304,bus,0.13652461767196655,1,1245,309,1298,346,No,,,,,
304,car,0.5428228378295898,52,1383,325,1435,361,No,,,,,
304,car,0.41845858097076416,55,1385,324,1445,370,No,,,,,
304,car,0.54322749376297,65,1369,323,1400,357,No,,,,,
304,car,0.5111790299415588,66,1343,321,1381,353,No,,,,,
304,car,0.5800484418869019,82,1302,319,1345,348,No,,,,,
304,car,0.26468878984451294,104,1500,314,1565,383,No,,,,,
304,person,0.5623018741607666,42,641,281,681,396,No,,,,,
304,person,0.4074932932853699,109,36,244,130,493,No,,,,,
304,car,0.3749556243419647,110,1430,324,1486,377,No,,,,,
304,person,0.6739967465400696,119,49,243,172,493,No,,,,,
305,car,0.48533332347869873,41,1430,324,1509,378,No,,,,,
305,bus,0.14588938653469086,1,1245,309,1298,346,No,,,,,
305,car,0.5480471253395081,52,1383,325,1436,362,No,,,,,
305,car,0.4350122809410095,55,1385,324,1445,370,No,,,,,
305,car,0.5431598424911499,65,1370,323,1400,357,No,,,,,
305,car,0.502368688583374,66,1343,321,1379,353,No,,,,,
305,car,0.5759481191635132,82,1302,319,1345,348,No,,,,,
305,car,0.2537105679512024,104,1500,314,1565,383,No,,,,,
305,person,0.3794246315956116,42,642,283,682,396,No,,,,,
305,person,0.13807471096515656,109,36,246,123,490,No,,,,,
305,car,0.41410496830940247,110,1429,325,1487,377,No,,,,,
305,person,0.7884612083435059,119,46,245,181,493,No,,,,,
306,car,0.47682735323905945,41,1430,323,1509,378,No,,,,,
306,bus,0.17135660350322723,1,1244,307,1299,346,No,,,,,
306,car,0.539178192615509,52,1383,325,1436,362,No,,,,,
306,car,0.4273717403411865,55,1385,324,1445,370,No,,,,,
306,car,0.5470054149627686,65,1369,323,1400,357,No,,,,,
306,car,0.5039209723472595,66,1343,321,1378,353,No,,,,,
306,car,0.5663965940475464,82,1302,319,1345,348,No,,,,,
306,car,0.25736257433891296,104,1501,314,1565,383,No,,,,,
306,person,0.6901305317878723,42,644,283,683,397,No,,,,,
306,person,0.14527402818202972,109,50,252,114,487,No,,,,,
306,car,0.41031038761138916,110,1429,325,1485,377,No,,,,,
306,person,0.8458147644996643,119,62,250,186,493,No,,,,,
306,person,0.3864193558692932,117,46,251,99,468,No,,,,,
307,car,0.45966893434524536,41,1431,323,1509,378,No,,,,,
307,bus,0.16933825612068176,1,1244,303,1299,346,No,,,,,
307,car,0.5404402613639832,52,1383,325,1436,362,No,,,,,
307,car,0.437941312789917,55,1385,324,1446,371,No,,,,,
307,car,0.547982394695282,65,1369,323,1400,357,No,,,,,
307,car,0.5039719939231873,66,1343,321,1378,353,No,,,,,
307,car,0.5683646202087402,82,1302,319,1345,348,No,,,,,
307,car,0.24934138357639313,104,1502,314,1565,383,No,,,,,
307,person,0.6892889738082886,42,645,281,686,398,No,,,,,
307,person,0.2743532657623291,109,52,252,113,475,No,,,,,
307,car,0.3830096423625946,110,1429,325,1482,377,No,,,,,
307,person,0.832789421081543,119,69,250,188,493,No,,,,,
307,person,0.457774817943573,117,48,248,102,445,No,,,,,
308,car,0.4402192234992981,41,1431,323,1509,378,No,,,,,
308,bus,0.1736983209848404,1,1244,297,1300,346,No,,,,,
308,car,0.5402126312255859,52,1383,325,1436,362,No,,,,,
308,car,0.43695706129074097,55,1385,324,1445,371,',0.30308106541633606,0,12,41,38
308,car,0.5502330660820007,65,1368,323,1400,357,No,,,,,
308,car,0.4988662600517273,66,1343,321,1378,353,No,,,,,
308,car,0.5801352858543396,82,1301,319,1345,348,No,,,,,
308,car,0.23337332904338837,104,1502,314,1565,383,No,,,,,
308,person,0.6516826748847961,42,647,280,688,400,No,,,,,
308,car,0.3813808560371399,110,1429,325,1480,377,No,,,,,
308,person,0.7422038912773132,119,73,253,190,492,No,,,,,
308,person,0.5179635286331177,117,54,250,108,441,No,,,,,
309,car,0.42273035645484924,41,1432,323,1508,378,No,,,,,
309,bus,0.1651037633419037,1,1244,294,1300,346,No,,,,,
309,car,0.5400664210319519,52,1383,325,1436,362,No,,,,,
309,car,0.4417552947998047,55,1385,324,1445,371,',0.3227914273738861,0,12,44,38
309,car,0.5470978617668152,65,1368,323,1400,357,No,,,,,
309,car,0.5024678111076355,66,1343,321,1377,353,No,,,,,
309,car,0.5882166624069214,82,1301,319,1345,348,No,,,,,
309,car,0.2359716147184372,104,1503,314,1565,383,No,,,,,
309,person,0.7123148441314697,42,648,276,690,400,No,,,,,
309,car,0.376213014125824,110,1428,325,1478,377,No,,,,,
309,person,0.588211178779602,119,79,251,190,491,No,,,,,
309,person,0.14625386893749237,117,50,253,108,411,No,,,,,
309,person,0.5913960337638855,109,59,253,114,482,No,,,,,
310,car,0.4149983823299408,41,1432,323,1508,377,No,,,,,
310,bus,0.17386838793754578,1,1245,291,1301,346,No,,,,,
310,car,0.5389047861099243,52,1383,325,1435,361,No,,,,,
310,car,0.4382460415363312,55,1385,324,1446,370,No,,,,,
310,car,0.5561017990112305,65,1368,323,1400,357,No,,,,,
310,car,0.5038346648216248,66,1343,321,1377,353,No,,,,,
310,car,0.587439775466919,82,1300,319,1345,348,No,,,,,
310,car,0.24142372608184814,104,1503,314,1565,383,No,,,,,
310,person,0.5883761644363403,42,648,275,691,399,No,,,,,
310,car,0.3682197630405426,110,1428,324,1478,377,No,,,,,
310,person,0.6181848645210266,119,99,253,189,489,No,,,,,
310,person,0.6453277468681335,109,60,250,119,485,No,,,,,
311,car,0.415134996175766,41,1432,323,1507,378,No,,,,,
311,bus,0.18634755909442902,1,1245,289,1302,346,No,,,,,
311,car,0.5269033312797546,52,1383,325,1435,361,No,,,,,
311,car,0.4373601973056793,55,1386,324,1446,370,No,,,,,
311,car,0.5625973343849182,65,1367,323,1400,357,No,,,,,
311,car,0.5152390599250793,66,1343,321,1377,352,No,,,,,
311,car,0.5946958661079407,82,1300,319,1345,348,No,,,,,
311,car,0.24724705517292023,104,1503,313,1565,383,No,,,,,
311,person,0.6174756288528442,42,649,274,691,399,No,,,,,
311,car,0.36506223678588867,110,1428,324,1479,376,No,,,,,
311,person,0.6408581137657166,119,99,258,193,489,No,,,,,
311,person,0.6536620855331421,109,62,251,124,484,No,,,,,
312,car,0.4346112906932831,41,1431,323,1507,377,No,,,,,
312,bus,0.19604235887527466,1,1244,290,1302,346,No,,,,,
312,car,0.5288746953010559,52,1383,325,1435,361,No,,,,,
312,car,0.42874646186828613,55,1385,324,1447,370,No,,,,,
312,car,0.5449259877204895,65,1367,323,1400,357,No,,,,,
312,car,0.4994768500328064,66,1343,321,1378,353,No,,,,,
312,car,0.5900234580039978,82,1299,319,1345,348,No,,,,,
312,car,0.25078266859054565,104,1503,313,1565,383,No,,,,,
312,person,0.5409373641014099,42,648,274,692,398,No,,,,,
312,car,0.37548282742500305,110,1428,324,1484,376,No,,,,,
312,person,0.7807314395904541,119,107,254,195,489,No,,,,,
312,person,0.6778997778892517,109,68,247,129,483,No,,,,,
313,car,0.43412527441978455,41,1431,322,1507,379,No,,,,,
313,bus,0.16948412358760834,1,1243,291,1301,346,No,,,,,
313,car,0.5261844396591187,52,1383,325,1435,361,None,0.27604955434799194,0,21,51,36
313,car,0.4313369393348694,55,1386,324,1447,370,No,,,,,
313,car,0.5927027463912964,65,1366,322,1400,357,No,,,,,
313,car,0.532622218132019,66,1343,321,1378,352,No,,,,,
313,car,0.6085086464881897,82,1298,318,1344,347,No,,,,,
313,car,0.25248104333877563,104,1504,313,1565,382,No,,,,,
313,person,0.18926669657230377,42,648,272,693,395,No,,,,,
313,car,0.37561970949172974,110,1427,324,1483,376,No,,,,,
313,person,0.7124903202056885,119,116,255,198,489,No,,,,,
313,person,0.6576407551765442,109,75,250,135,484,No,,,,,
314,car,0.4549048840999603,41,1431,322,1507,379,No,,,,,
314,bus,0.19811628758907318,1,1243,290,1301,345,No,,,,,
314,car,0.5257650017738342,52,1384,325,1435,361,No,,,,,
314,car,0.4189451038837433,55,1386,324,1447,370,No,,,,,
314,car,0.5948255062103271,65,1366,322,1400,357,No,,,,,
314,car,0.5336212515830994,66,1343,321,1378,352,No,,,,,
314,car,0.6108813285827637,82,1299,318,1344,347,No,,,,,
314,car,0.25332361459732056,104,1505,313,1565,382,No,,,,,
314,car,0.3887387812137604,110,1427,324,1485,377,No,,,,,
314,person,0.6307162642478943,119,127,257,202,485,No,,,,,
314,person,0.6703625917434692,109,80,258,137,482,No,,,,,
315,car,0.47002366185188293,41,1431,322,1508,380,No,,,,,
315,bus,0.23049867153167725,1,1243,287,1302,345,No,,,,,
315,car,0.5302932858467102,52,1384,325,1435,361,No,,,,,
315,car,0.4237106740474701,55,1386,324,1447,370,No,,,,,
315,car,0.5905472636222839,65,1366,322,1400,357,No,,,,,
315,car,0.534709095954895,66,1343,321,1377,351,No,,,,,
315,car,0.6133939623832703,82,1299,319,1344,346,No,,,,,
315,car,0.2580799460411072,104,1506,313,1565,382,No,,,,,
315,car,0.3957023322582245,110,1427,324,1486,377,No,,,,,
315,person,0.582140326499939,119,130,248,201,484,No,,,,,
315,person,0.6767269372940063,109,86,254,147,482,No,,,,,
316,car,0.4529969394207001,41,1430,322,1507,380,No,,,,,
316,bus,0.2474796622991562,1,1244,286,1302,345,No,,,,,
316,car,0.5302039384841919,52,1384,325,1435,361,No,,,,,
316,car,0.419700026512146,55,1386,324,1447,370,No,,,,,
316,car,0.5956262350082397,65,1366,322,1400,357,No,,,,,
316,car,0.5353206992149353,66,1343,320,1377,352,No,,,,,
316,car,0.6239563822746277,82,1299,318,1344,346,No,,,,,
316,car,0.26235854625701904,104,1506,313,1565,382,No,,,,,
316,car,0.3943845331668854,110,1427,324,1486,377,No,,,,,
316,person,0.6746925711631775,119,136,245,209,485,No,,,,,
316,person,0.6761823892593384,109,90,254,148,481,No,,,,,
316,person,0.3637690544128418,42,653,274,695,393,No,,,,,
317,car,0.45436006784439087,41,1431,322,1508,380,No,,,,,
317,bus,0.2435189187526703,1,1245,285,1301,345,No,,,,,
317,car,0.5274513363838196,52,1384,324,1435,361,No,,,,,
317,car,0.4185390770435333,55,1387,324,1447,370,No,,,,,
317,car,0.5980032086372375,65,1366,322,1400,357,No,,,,,
317,car,0.5430805683135986,66,1342,320,1377,352,No,,,,,
317,car,0.6270956993103027,82,1298,318,1344,346,No,,,,,
317,car,0.2569366693496704,104,1507,313,1565,382,No,,,,,
317,car,0.37996843457221985,110,1427,324,1486,377,No,,,,,
317,person,0.6762104034423828,119,140,248,214,485,No,,,,,
317,person,0.7247687578201294,109,94,255,153,479,No,,,,,
317,person,0.5414040684700012,42,655,272,696,393,No,,,,,
318,car,0.42599251866340637,41,1431,322,1508,379,No,,,,,
318,bus,0.22371971607208252,1,1245,285,1301,345,No,,,,,
318,car,0.523280680179596,52,1384,324,1435,361,No,,,,,
318,car,0.40956297516822815,55,1387,324,1447,370,No,,,,,
318,car,0.5963362455368042,65,1366,322,1400,357,No,,,,,
318,car,0.5414794087409973,66,1343,320,1378,352,No,,,,,
318,car,0.6313055753707886,82,1298,318,1344,347,No,,,,,
318,car,0.2431958019733429,104,1507,313,1565,382,No,,,,,
318,car,0.3611513078212738,110,1427,324,1484,377,No,,,,,
318,person,0.6973763108253479,119,146,259,221,483,No,,,,,
318,person,0.752309262752533,109,97,256,158,478,No,,,,,
318,person,0.4094220697879791,42,657,270,697,393,No,,,,,
319,car,0.4331790804862976,41,1432,322,1508,378,No,,,,,
319,bus,0.18205301463603973,1,1246,286,1301,345,No,,,,,
319,car,0.5180974006652832,52,1384,324,1435,360,No,,,,,
319,car,0.40767696499824524,55,1387,324,1448,370,No,,,,,
319,car,0.5807359218597412,65,1366,322,1400,357,No,,,,,
319,car,0.5249267220497131,66,1343,321,1378,352,No,,,,,
319,car,0.6277390718460083,82,1298,318,1344,347,No,,,,,
319,car,0.24126185476779938,104,1507,313,1565,381,No,,,,,
319,car,0.3602116107940674,110,1427,324,1484,377,No,,,,,
319,person,0.7359210848808289,119,150,255,229,481,No,,,,,
319,person,0.7131878137588501,109,101,257,165,477,No,,,,,
319,person,0.634575366973877,42,657,269,699,396,No,,,,,
320,car,0.47347939014434814,41,1432,322,1508,378,No,,,,,
320,bus,0.19115936756134033,1,1247,287,1300,345,No,,,,,
320,car,0.5232162475585938,52,1384,324,1434,360,None,0.29810091853141785,0,26,50,36
320,car,0.3985431492328644,55,1387,323,1448,370,None,0.48103833198547363,0,22,45,36
320,car,0.5844154953956604,65,1366,322,1400,357,No,,,,,
320,car,0.5215608477592468,66,1343,321,1379,352,No,,,,,
320,car,0.6308934688568115,82,1298,318,1345,347,No,,,,,
320,car,0.2383103370666504,104,1506,313,1565,381,No,,,,,
320,car,0.3867344856262207,110,1427,324,1487,377,No,,,,,
320,person,0.7151952981948853,119,152,256,236,480,No,,,,,
320,person,0.6548062562942505,109,106,257,173,476,No,,,,,
320,person,0.6130722761154175,42,658,269,700,398,No,,,,,
321,car,0.5111847519874573,41,1431,322,1509,378,No,,,,,
321,bus,0.18477900326251984,1,1248,288,1300,345,No,,,,,
321,car,0.5234995484352112,52,1384,324,1434,360,None,0.2563755512237549,0,26,50,36
321,car,0.3877933621406555,55,1387,323,1447,370,None,0.4127097427845001,0,23,42,36
321,car,0.5768760442733765,65,1366,322,1400,357,No,,,,,
321,car,0.5110348463058472,66,1343,321,1378,352,No,,,,,
321,car,0.6212977170944214,82,1298,318,1345,347,No,,,,,
321,car,0.23213179409503937,104,1507,313,1565,382,No,,,,,
321,car,0.34335827827453613,110,1427,324,1487,377,No,,,,,
321,person,0.7423264980316162,119,154,257,242,479,No,,,,,
321,person,0.6160182356834412,109,109,256,177,477,No,,,,,
321,person,0.6390575170516968,42,659,269,700,397,No,,,,,
322,car,0.5473636388778687,41,1430,322,1510,379,No,,,,,
322,bus,0.18066148459911346,1,1248,293,1298,345,No,,,,,
322,car,0.5267956852912903,52,1384,324,1435,360,No,,,,,
322,car,0.39795392751693726,55,1387,323,1447,369,No,,,,,
322,car,0.5793683528900146,65,1366,322,1400,357,No,,,,,
322,car,0.5148376226425171,66,1343,321,1379,352,No,,,,,
322,car,0.6243391633033752,82,1298,318,1345,347,No,,,,,
322,car,0.2283765822649002,104,1507,313,1565,382,No,,,,,
322,person,0.7346689701080322,119,156,253,245,478,No,,,,,
322,person,0.6318560242652893,109,110,254,181,477,No,,,,,
322,person,0.6335722208023071,42,663,268,702,393,No,,,,,
323,car,0.5367208123207092,41,1430,323,1510,379,No,,,,,
323,bus,0.10995239019393921,1,1249,289,1297,344,No,,,,,
323,car,0.5241214036941528,52,1383,324,1435,360,None,0.4747332036495209,0,25,51,36
323,car,0.3892744481563568,55,1387,323,1447,369,No,,,,,
323,car,0.5710979104042053,65,1366,322,1400,357,No,,,,,
323,car,0.4949392080307007,66,1343,321,1379,352,No,,,,,
323,car,0.6131055951118469,82,1297,318,1343,347,No,,,,,
323,car,0.22324524819850922,104,1506,313,1564,382,No,,,,,
323,person,0.6526551246643066,119,163,251,246,477,No,,,,,
323,person,0.6114072799682617,109,114,252,185,475,No,,,,,
323,person,0.645763635635376,42,665,267,705,393,No,,,,,
324,car,0.5859949588775635,41,1430,323,1511,379,No,,,,,
324,bus,0.10152783989906311,1,1251,288,1297,343,No,,,,,
324,car,0.5322852730751038,52,1383,324,1435,360,None,0.4567098021507263,0,25,51,36
324,car,0.3901821970939636,55,1387,323,1446,369,',0.34664592146873474,0,22,42,37
324,car,0.5646495223045349,65,1366,322,1400,357,No,,,,,
324,car,0.5042356252670288,66,1343,321,1379,352,No,,,,,
324,car,0.6175984144210815,82,1296,317,1343,347,No,,,,,
324,car,0.2354249656200409,104,1506,314,1564,382,No,,,,,
324,person,0.7225499749183655,119,167,251,247,477,No,,,,,
324,person,0.6827272176742554,109,117,253,187,473,No,,,,,
324,person,0.6215764284133911,42,666,268,707,394,No,,,,,
325,car,0.6121652126312256,41,1429,323,1511,380,No,,,,,
325,bus,0.11642247438430786,1,1250,288,1301,343,No,,,,,
325,car,0.5305236577987671,52,1383,324,1435,360,None,0.45549434423446655,0,25,52,36
325,car,0.3628527820110321,55,1387,323,1445,369,No,,,,,
325,car,0.5696158409118652,65,1366,322,1399,357,No,,,,,
325,car,0.4984574317932129,66,1344,321,1380,352,No,,,,,
325,car,0.6283913850784302,82,1296,317,1343,347,No,,,,,
325,car,0.2631501853466034,104,1505,314,1565,383,No,,,,,
325,person,0.7083507180213928,119,177,256,252,478,No,,,,,
325,person,0.6738470196723938,109,120,256,190,474,No,,,,,
325,person,0.6482735872268677,42,666,270,708,394,No,,,,,
326,car,0.6191155910491943,41,1429,323,1509,380,No,,,,,
326,bus,0.10938028991222382,1,1250,297,1292,344,No,,,,,
326,car,0.5245695114135742,52,1383,324,1434,360,No,,,,,
326,car,0.35204407572746277,55,1387,323,1445,369,No,,,,,
326,car,0.5776349902153015,65,1366,322,1399,357,No,,,,,
326,car,0.4926791787147522,66,1344,321,1380,352,No,,,,,
326,car,0.6440737843513489,82,1296,317,1343,347,No,,,,,
326,car,0.263180136680603,104,1504,314,1565,383,No,,,,,
326,person,0.6660261154174805,119,184,255,254,476,No,,,,,
326,person,0.6584277749061584,109,121,257,194,470,No,,,,,
326,person,0.5246129035949707,42,667,273,709,391,No,,,,,
327,car,0.614158570766449,41,1429,323,1509,380,No,,,,,
327,bus,0.11105074733495712,1,1254,300,1295,344,No,,,,,
327,car,0.516144871711731,52,1384,324,1434,360,No,,,,,
327,car,0.3620314598083496,55,1387,323,1445,369,No,,,,,
327,car,0.5864213109016418,65,1365,322,1399,357,No,,,,,
327,car,0.48458874225616455,66,1344,321,1379,352,No,,,,,
327,car,0.6582427024841309,82,1295,317,1344,348,No,,,,,
327,car,0.2828197777271271,104,1503,313,1565,383,No,,,,,
327,person,0.6764766573905945,119,189,251,261,475,No,,,,,
327,person,0.7497147917747498,109,127,254,201,470,No,,,,,
327,person,0.282296746969223,42,667,275,710,388,No,,,,,
328,car,0.6317636370658875,41,1430,323,1509,380,No,,,,,
328,bus,0.13741417229175568,1,1255,292,1298,342,No,,,,,
328,car,0.5152556896209717,52,1384,325,1434,360,No,,,,,
328,car,0.36716723442077637,55,1386,324,1445,369,No,,,,,
328,car,0.580259382724762,65,1366,322,1400,357,No,,,,,
328,car,0.4766068160533905,66,1344,321,1379,352,No,,,,,
328,car,0.6645071506500244,82,1294,317,1344,348,No,,,,,
328,car,0.28593045473098755,104,1503,313,1565,383,No,,,,,
328,person,0.6854581236839294,119,194,251,264,477,No,,,,,
328,person,0.7596577405929565,109,132,254,208,470,No,,,,,
328,person,0.44408348202705383,42,669,274,711,388,No,,,,,
329,car,0.6094698905944824,41,1430,322,1509,380,No,,,,,
329,bus,0.1551750898361206,1,1256,289,1298,341,No,,,,,
329,car,0.5096731185913086,52,1384,325,1434,360,No,,,,,
329,car,0.3701159954071045,55,1386,324,1444,369,',0.4208952486515045,0,12,41,35
329,car,0.5821185111999512,65,1365,322,1399,357,No,,,,,
329,car,0.47566694021224976,66,1344,321,1379,352,No,,,,,
329,car,0.6634605526924133,82,1294,317,1344,348,No,,,,,
329,car,0.28912779688835144,104,1503,313,1565,383,No,,,,,
329,person,0.7094942331314087,119,198,251,267,476,No,,,,,
329,person,0.7904418110847473,109,137,253,213,470,No,,,,,
329,person,0.43742719292640686,42,669,273,712,386,No,,,,,
330,car,0.6101869940757751,41,1430,322,1509,380,No,,,,,
330,bus,0.14478015899658203,1,1256,289,1298,340,No,,,,,
330,car,0.5091847777366638,52,1384,325,1434,361,No,,,,,
330,car,0.37292730808258057,55,1386,324,1445,369,No,,,,,
330,car,0.5834731459617615,65,1365,323,1400,357,No,,,,,
330,car,0.47702452540397644,66,1345,321,1380,352,No,,,,,
330,car,0.6647441387176514,82,1294,317,1344,348,No,,,,,
330,car,0.292468786239624,104,1503,313,1565,383,No,,,,,
330,person,0.6567156314849854,119,203,259,276,476,No,,,,,
330,person,0.7946978807449341,109,140,257,218,470,No,,,,,
330,person,0.1544015258550644,42,672,276,713,386,No,,,,,
331,car,0.6280162930488586,41,1430,322,1509,380,No,,,,,
331,bus,0.10846373438835144,1,1257,289,1298,340,No,,,,,
331,car,0.5141387581825256,52,1383,325,1435,361,No,,,,,
331,car,0.38267025351524353,55,1386,324,1444,368,No,,,,,
331,car,0.56013423204422,65,1365,323,1399,357,No,,,,,
331,car,0.45785126090049744,66,1345,321,1380,352,No,,,,,
331,car,0.6484984755516052,82,1295,317,1344,348,No,,,,,
331,car,0.27997246384620667,104,1504,313,1565,383,No,,,,,
331,person,0.6091745495796204,119,209,261,289,475,No,,,,,
331,person,0.8239629864692688,109,145,261,221,470,No,,,,,
331,person,0.2186243087053299,42,674,276,715,388,No,,,,,
332,car,0.6527584791183472,41,1431,322,1509,380,No,,,,,
332,car,0.522554337978363,52,1383,325,1436,361,None,0.5552842617034912,0,25,53,36
332,car,0.3256007730960846,55,1390,325,1443,371,No,,,,,
332,car,0.5498193502426147,65,1366,323,1399,357,No,,,,,
332,car,0.4641941785812378,66,1344,321,1380,352,No,,,,,
332,car,0.61849045753479,82,1295,317,1344,348,No,,,,,
332,car,0.27111881971359253,104,1504,314,1565,383,No,,,,,
332,person,0.7096657156944275,119,215,262,298,472,No,,,,,
332,person,0.8608786463737488,109,152,261,222,471,No,,,,,
332,person,0.30399999022483826,42,675,280,716,388,No,,,,,
333,car,0.652393639087677,41,1431,322,1509,381,No,,,,,
333,car,0.5231362581253052,52,1383,325,1436,361,None,0.5875754356384277,0,26,53,36
333,car,0.4042588770389557,55,1387,324,1443,369,None,0.6663109064102173,0,24,42,37
333,car,0.5564118027687073,65,1366,323,1399,357,No,,,,,
333,car,0.4706239700317383,66,1344,321,1380,352,No,,,,,
333,car,0.6260518431663513,82,1295,317,1344,348,No,,,,,
333,car,0.27231699228286743,104,1504,314,1565,383,No,,,,,
333,person,0.7134459018707275,119,218,254,306,471,No,,,,,
333,person,0.7882426977157593,109,155,259,225,470,No,,,,,
333,person,0.4135957360267639,42,676,282,718,389,No,,,,,
334,car,0.6559944748878479,41,1432,322,1508,381,No,,,,,
334,car,0.524105429649353,52,1383,325,1437,361,No,,,,,
334,car,0.33117443323135376,55,1390,325,1442,371,No,,,,,
334,car,0.5579521059989929,65,1366,323,1399,357,No,,,,,
334,car,0.4848881661891937,66,1344,321,1380,352,No,,,,,
334,car,0.6596418023109436,82,1295,318,1344,348,No,,,,,
334,car,0.2803415358066559,104,1504,313,1565,383,No,,,,,
334,person,0.6997702121734619,119,217,253,310,471,No,,,,,
334,person,0.7944173812866211,109,158,255,228,469,No,,,,,
334,person,0.4122736155986786,42,677,284,719,392,No,,,,,
335,car,0.6562749743461609,41,1432,321,1507,381,No,,,,,
335,car,0.5191916227340698,52,1383,325,1437,361,No,,,,,
335,car,0.32587262988090515,55,1391,325,1442,372,No,,,,,
335,car,0.5594075918197632,65,1366,323,1399,357,No,,,,,
335,car,0.4782049357891083,66,1344,321,1380,352,No,,,,,
335,car,0.6476672291755676,82,1296,318,1344,348,No,,,,,
335,car,0.27507856488227844,104,1504,313,1565,383,No,,,,,
335,person,0.722101092338562,119,219,252,315,473,No,,,,,
335,person,0.7798967361450195,109,162,254,235,471,No,,,,,
335,person,0.5063695907592773,42,680,282,719,391,No,,,,,
336,car,0.6768642067909241,41,1432,321,1507,380,No,,,,,
336,car,0.5260534286499023,52,1383,325,1437,361,No,,,,,
336,car,0.3135211765766144,55,1391,325,1442,372,No,,,,,
336,car,0.5654149651527405,65,1366,323,1399,357,No,,,,,
336,car,0.47427165508270264,66,1345,321,1380,352,No,,,,,
336,car,0.6352922320365906,82,1297,318,1345,349,No,,,,,
336,car,0.2792641818523407,104,1504,313,1565,383,No,,,,,
336,person,0.7700279355049133,119,219,251,318,473,No,,,,,
336,person,0.7521806955337524,109,165,254,238,470,No,,,,,
336,person,0.53713458776474,42,681,281,721,391,No,,,,,
337,car,0.6626498103141785,41,1431,322,1508,380,No,,,,,
337,car,0.5265726447105408,52,1383,325,1437,361,No,,,,,
337,car,0.32571908831596375,55,1391,325,1443,372,No,,,,,
337,car,0.5985581278800964,65,1366,323,1400,357,No,,,,,
337,car,0.49835634231567383,66,1345,320,1381,352,No,,,,,
337,car,0.6473616361618042,82,1299,318,1345,348,No,,,,,
337,car,0.2764609754085541,104,1504,313,1566,383,No,,,,,
337,person,0.7646905779838562,119,217,252,320,474,No,,,,,
337,person,0.7524963021278381,109,167,254,240,467,No,,,,,
337,person,0.5507790446281433,42,683,280,722,391,No,,,,,
338,car,0.6755123138427734,41,1431,322,1509,380,No,,,,,
338,car,0.5259159803390503,52,1383,325,1437,361,No,,,,,
338,car,0.3263133466243744,55,1391,325,1443,372,No,,,,,
338,car,0.6071615219116211,65,1365,323,1400,357,No,,,,,
338,car,0.5078957676887512,66,1345,320,1383,352,No,,,,,
338,car,0.6407638788223267,82,1299,319,1346,348,No,,,,,
338,car,0.2862730920314789,104,1504,313,1566,383,No,,,,,
338,person,0.7390871644020081,119,220,252,321,473,No,,,,,
338,person,0.7634653449058533,109,171,254,246,463,No,,,,,
338,person,0.5971121788024902,42,686,281,723,390,No,,,,,
339,car,0.665438175201416,41,1431,322,1510,380,No,,,,,
339,car,0.5253821611404419,52,1383,325,1438,361,No,,,,,
339,car,0.3355995714664459,55,1390,325,1443,372,No,,,,,
339,car,0.6044513583183289,65,1365,323,1400,357,No,,,,,
339,car,0.5081195831298828,66,1345,320,1383,352,No,,,,,
339,car,0.6352270841598511,82,1300,319,1347,348,No,,,,,
339,car,0.28765779733657837,104,1503,314,1566,383,No,,,,,
339,person,0.5807648301124573,119,230,251,322,473,No,,,,,
339,person,0.7537888288497925,109,178,254,254,464,No,,,,,
339,person,0.5525427460670471,42,687,282,724,390,No,,,,,
340,car,0.6443293690681458,41,1432,322,1510,379,No,,,,,
340,car,0.520116925239563,52,1383,325,1438,361,No,,,,,
340,car,0.32168343663215637,55,1390,325,1444,372,No,,,,,
340,car,0.6008141040802002,65,1365,323,1400,357,No,,,,,
340,car,0.5088112950325012,66,1345,321,1384,352,No,,,,,
340,car,0.6422324776649475,82,1300,319,1347,348,No,,,,,
340,car,0.28329452872276306,104,1501,314,1566,383,No,,,,,
340,person,0.719403862953186,119,237,258,321,472,No,,,,,
340,person,0.763701856136322,109,181,256,253,463,No,,,,,
340,person,0.5703253746032715,42,688,282,724,391,No,,,,,
341,car,0.6160436272621155,41,1432,322,1508,378,No,,,,,
341,car,0.5227389931678772,52,1383,325,1438,361,No,,,,,
341,car,0.34842076897621155,55,1390,325,1446,373,No,,,,,
341,car,0.6006212830543518,65,1365,323,1400,357,No,,,,,
341,car,0.5035831332206726,66,1345,321,1384,352,No,,,,,
341,car,0.6264920234680176,82,1301,319,1347,348,No,,,,,
341,car,0.27616748213768005,104,1499,314,1566,383,No,,,,,
341,person,0.7749939560890198,119,248,258,321,469,No,,,,,
341,person,0.7675835490226746,109,186,256,256,463,No,,,,,
341,person,0.595406174659729,42,688,281,724,388,No,,,,,
342,car,0.5994886159896851,41,1433,321,1506,378,No,,,,,
342,car,0.5249925851821899,52,1383,325,1439,361,None,0.28647902607917786,0,26,56,36
342,car,0.33985650539398193,55,1390,325,1448,373,No,,,,,
342,car,0.6074530482292175,65,1365,323,1400,357,No,,,,,
342,car,0.5093096494674683,66,1345,321,1384,352,No,,,,,
342,car,0.6288233399391174,82,1301,319,1347,348,No,,,,,
342,car,0.2822531759738922,104,1496,314,1566,383,No,,,,,
342,person,0.764441967010498,119,255,255,325,469,No,,,,,
342,person,0.7700944542884827,109,190,257,258,463,No,,,,,
342,person,0.6057179570198059,42,688,280,724,387,No,,,,,
343,car,0.5901994705200195,41,1432,322,1506,378,No,,,,,
343,car,0.5288667678833008,52,1383,325,1439,361,None,0.25180935859680176,0,26,56,36
343,car,0.33129000663757324,55,1389,325,1448,373,No,,,,,
343,car,0.6046718955039978,65,1365,323,1400,357,No,,,,,
343,car,0.5096802711486816,66,1345,321,1385,352,No,,,,,
343,car,0.6394261121749878,82,1301,319,1347,348,No,,,,,
343,car,0.27944082021713257,104,1494,313,1566,383,No,,,,,
343,person,0.758444607257843,119,259,250,329,468,No,,,,,
343,person,0.7306174039840698,109,193,256,259,461,No,,,,,
343,person,0.41736119985580444,42,689,279,725,386,No,,,,,
344,car,0.6093711256980896,41,1431,322,1505,379,No,,,,,
344,car,0.5378249287605286,52,1383,325,1438,361,No,,,,,
344,car,0.3322482109069824,55,1390,325,1447,373,No,,,,,
344,car,0.6106445789337158,65,1365,323,1400,357,No,,,,,
344,car,0.5208593010902405,66,1344,321,1385,352,No,,,,,
344,car,0.6484928727149963,82,1301,319,1346,348,No,,,,,
344,car,0.26660463213920593,104,1496,313,1567,383,No,,,,,
344,person,0.7737820744514465,119,262,251,334,466,No,,,,,
344,person,0.7343921065330505,109,197,259,260,460,No,,,,,
344,person,0.42902642488479614,42,690,280,725,386,No,,,,,
345,car,0.6223711967468262,41,1431,322,1505,378,No,,,,,
345,car,0.5364850759506226,52,1383,325,1438,361,No,,,,,
345,car,0.33646857738494873,55,1390,326,1445,372,No,,,,,
345,car,0.587797999382019,65,1366,323,1400,357,No,,,,,
345,car,0.5076621770858765,66,1344,321,1385,352,No,,,,,
345,car,0.635344386100769,82,1302,319,1346,348,No,,,,,
345,car,0.2606477737426758,104,1496,313,1566,383,No,,,,,
345,person,0.8147706389427185,119,265,255,338,464,No,,,,,
345,person,0.7001162171363831,109,200,263,273,461,No,,,,,
345,person,0.5984386801719666,42,689,281,725,385,No,,,,,
346,car,0.6186403036117554,41,1431,322,1506,378,No,,,,,
346,car,0.5360385179519653,52,1383,325,1438,361,No,,,,,
346,car,0.3350280523300171,55,1390,326,1445,372,No,,,,,
346,car,0.5860192775726318,65,1366,323,1400,357,No,,,,,
346,car,0.5053050518035889,66,1344,321,1384,352,No,,,,,
346,car,0.6271262168884277,82,1302,319,1346,348,No,,,,,
346,car,0.261076420545578,104,1496,313,1567,383,No,,,,,
346,person,0.8426870107650757,119,269,255,342,466,No,,,,,
346,person,0.7369386553764343,109,202,266,283,461,No,,,,,
346,person,0.7050044536590576,42,690,280,725,386,No,,,,,
347,car,0.6150494813919067,41,1431,322,1506,377,No,,,,,
347,car,0.5273469686508179,52,1383,325,1439,361,No,,,,,
347,car,0.32719722390174866,55,1391,326,1445,372,No,,,,,
347,car,0.5713691115379333,65,1366,323,1400,357,No,,,,,
347,car,0.49545609951019287,66,1344,321,1383,352,No,,,,,
347,car,0.6119552850723267,82,1302,319,1346,348,No,,,,,
347,car,0.23565764725208282,104,1495,313,1567,383,No,,,,,
347,person,0.7703067064285278,119,274,257,347,467,No,,,,,
347,person,0.7286792397499084,109,204,261,295,463,No,,,,,
347,person,0.7225063443183899,42,690,281,725,389,No,,,,,
348,car,0.6232799291610718,41,1431,323,1506,378,No,,,,,
348,car,0.5332968235015869,52,1383,325,1438,361,No,,,,,
348,car,0.3293757140636444,55,1391,325,1445,372,No,,,,,
348,car,0.5885351300239563,65,1366,323,1400,357,No,,,,,
348,car,0.5111861824989319,66,1344,321,1383,352,No,,,,,
348,car,0.6131078600883484,82,1302,319,1346,348,No,,,,,
348,car,0.25845298171043396,104,1495,313,1567,383,No,,,,,
348,person,0.7640124559402466,119,276,260,354,467,No,,,,,
348,person,0.7751919627189636,109,205,262,288,462,No,,,,,
348,person,0.7210440635681152,42,690,280,725,390,No,,,,,
349,car,0.6131411194801331,41,1431,323,1506,378,No,,,,,
349,car,0.5286282300949097,52,1382,325,1439,361,No,,,,,
349,car,0.32812246680259705,55,1391,325,1446,372,No,,,,,
349,car,0.5603795051574707,65,1366,323,1399,356,No,,,,,
349,car,0.516660213470459,66,1344,321,1383,352,No,,,,,
349,car,0.5952878594398499,82,1302,319,1345,348,No,,,,,
349,car,0.2543007433414459,104,1495,313,1567,383,No,,,,,
349,person,0.7580403089523315,119,280,262,358,467,No,,,,,
349,person,0.7231875658035278,109,208,261,288,462,No,,,,,
349,person,0.6699967384338379,42,690,280,725,388,No,,,,,
350,car,0.6075860857963562,41,1431,323,1507,377,No,,,,,
350,car,0.5189082622528076,52,1382,325,1439,361,No,,,,,
350,car,0.31952226161956787,55,1390,325,1447,372,No,,,,,
350,car,0.5579652190208435,65,1367,323,1399,356,No,,,,,
350,car,0.513804018497467,66,1343,321,1382,352,No,,,,,
350,car,0.5863762497901917,82,1301,319,1345,347,No,,,,,
350,car,0.23444397747516632,104,1495,314,1567,383,No,,,,,
350,person,0.7207984924316406,119,284,264,360,466,No,,,,,
350,person,0.7215110063552856,109,213,262,292,461,No,,,,,
350,person,0.7338528037071228,42,690,281,725,387,No,,,,,
351,car,0.6185736656188965,41,1432,323,1508,377,No,,,,,
351,car,0.5165575742721558,52,1382,325,1439,361,No,,,,,
351,car,0.4012794494628906,55,1386,324,1448,369,No,,,,,
351,car,0.5365471839904785,65,1368,323,1399,356,No,,,,,
351,car,0.501760721206665,66,1343,321,1381,352,No,,,,,
351,car,0.5884146094322205,82,1301,319,1345,347,No,,,,,
351,car,0.1993725299835205,104,1498,314,1567,383,No,,,,,
351,person,0.7232626080513,119,287,267,363,466,No,,,,,
351,person,0.7328600287437439,109,220,261,297,457,No,,,,,
351,person,0.730466365814209,42,690,282,727,388,No,,,,,
352,car,0.6151077151298523,41,1432,323,1509,377,No,,,,,
352,car,0.5169181823730469,52,1382,325,1439,361,No,,,,,
352,car,0.29683494567871094,55,1389,325,1448,371,No,,,,,
352,car,0.5394706130027771,65,1368,323,1400,357,No,,,,,
352,car,0.5062652826309204,66,1343,321,1381,352,No,,,,,
352,car,0.5722690224647522,82,1301,319,1344,347,No,,,,,
352,car,0.2012077122926712,104,1500,314,1566,383,No,,,,,
352,person,0.7850879430770874,119,290,262,366,465,No,,,,,
352,person,0.7743965983390808,109,227,259,301,455,No,,,,,
352,person,0.6809149384498596,42,690,283,728,388,No,,,,,
353,car,0.6266952753067017,41,1432,323,1510,377,No,,,,,
353,car,0.5168650150299072,52,1382,325,1439,361,No,,,,,
353,car,0.38799890875816345,55,1386,324,1448,369,No,,,,,
353,car,0.5265507698059082,65,1369,323,1400,357,No,,,,,
353,car,0.48575329780578613,66,1343,321,1379,352,No,,,,,
353,car,0.562381386756897,82,1301,319,1344,347,No,,,,,
353,car,0.191364124417305,104,1501,314,1566,383,No,,,,,
353,person,0.7815441489219666,119,294,258,370,463,No,,,,,
353,person,0.8008297085762024,109,235,258,303,454,No,,,,,
353,person,0.6752055287361145,42,691,283,729,388,No,,,,,
354,car,0.6275574564933777,41,1432,323,1510,377,No,,,,,
354,car,0.5221812725067139,52,1382,325,1439,361,No,,,,,
354,car,0.2833807170391083,55,1389,325,1447,371,No,,,,,
354,car,0.5180821418762207,65,1369,323,1399,357,No,,,,,
354,car,0.48690715432167053,66,1343,321,1380,352,No,,,,,
354,car,0.5517935156822205,82,1301,319,1345,347,No,,,,,
354,car,0.19910307228565216,104,1500,314,1566,383,No,,,,,
354,person,0.7439491152763367,119,298,258,372,462,No,,,,,
354,person,0.8202193379402161,109,239,256,305,452,No,,,,,
354,person,0.6746616959571838,42,691,284,729,389,No,,,,,
355,car,0.6448203325271606,41,1432,323,1510,377,No,,,,,
355,car,0.5278550982475281,52,1382,325,1438,361,None,0.271764874458313,0,26,55,36
355,car,0.3832625150680542,55,1386,324,1447,368,No,,,,,
355,car,0.5270507335662842,65,1369,323,1399,357,No,,,,,
355,car,0.5040299296379089,66,1343,321,1381,352,No,,,,,
355,car,0.5416626930236816,82,1302,319,1345,347,No,,,,,
355,car,0.21137022972106934,104,1501,314,1566,383,No,,,,,
355,person,0.7418460845947266,119,304,253,376,462,No,,,,,
355,person,0.8225666880607605,109,240,259,309,452,No,,,,,
355,person,0.6962189674377441,42,691,285,728,389,No,,,,,
356,car,0.6406057476997375,41,1432,323,1511,377,No,,,,,
